campaign_id,campaign_name,current_budget,optimized_budget,budget_change,budget_change_pct,expected_revenue,expected_conversions,expected_roas,expected_cpa,marginal_roas_left,marginal_roas_right,is_at_lower_bound,is_at_upper_bound,is_in_observed_support,strategy,conversion_kpis_approximate
C01,Brand Search Core,491070.40695890406,491070.40695890406,0.0,0.0,4309327.516721644,432.8241869866077,877.5376108302687,1134.572470124223,,,False,False,True,Current,True
C02,Brand Search Expansion,344741.2209041096,344741.2209041096,0.0,0.0,2391688.98876582,201.61484816725502,693.7635663334478,1709.899960434066,,,False,False,True,Current,True
C03,Generic Search High Intent,636779.9615616439,636779.9615616439,0.0,0.0,5309358.380078364,193.76544502775295,833.7822639797985,3286.3442781061303,,,False,False,True,Current,True
C04,Generic Search Mid Intent,540693.3946027397,540693.3946027397,0.0,0.0,3504029.59499508,103.70354254995723,648.0622160308753,5213.837264452859,,,False,False,True,Current,True
C05,Shopping Best Seller,781135.442328767,781135.442328767,0.0,0.0,6867357.940806206,326.7855392632779,879.1507296523166,2390.3611037679298,,,False,False,True,Current,True
C06,Shopping Long Tail,441614.84484931506,441614.84484931506,0.0,0.0,2831004.0345925814,87.16981331636852,641.057262365933,5066.144208047647,,,False,False,True,Current,True
C07,Retargeting,292829.7437260274,292829.7437260274,0.0,0.0,3222728.3681472614,399.49836798448734,1100.5467979927812,732.9935919472844,,,False,False,True,Current,True
C08,Competitor,392659.6517808219,392659.65178082197,5.820766091346741e-11,1.4823947571256508e-14,2430408.66854585,45.26971297413675,618.9606335978915,8673.782668009275,,,False,False,True,Current,True
C09,Prospecting,693340.0916986301,693340.0916986301,0.0,0.0,4845401.236259834,50.08730390977456,698.8491354061139,13842.631516912701,,,False,False,True,Current,True
C10,Seasonal,490095.6614246575,490095.6614246575,0.0,0.0,4395201.207638552,136.63875827756215,896.8047574349375,3586.79826721711,,,False,False,True,Current,True
C11,New Product Launch,593839.0018630137,593839.0018630137,0.0,0.0,3936062.433330165,87.20504567309295,662.8164234719856,6809.686266195515,,,False,False,True,Current,True
C12,Low Efficiency Legacy,294726.3729863014,294726.3729863014,0.0,0.0,709147.6019168255,11.326089744340397,240.61219724974734,26021.899847083147,,,False,False,True,Current,True
C01,Brand Search Core,491070.40695890406,515764.3649701094,24693.958011205366,5.028598274559012,4462586.114830673,448.21731453791335,865.2373870554817,1150.701564266506,,,False,False,True,Equal,True
C02,Brand Search Expansion,344741.2209041096,448163.5871753425,103422.3662712329,30.000000000000004,2865317.3645826117,241.54082245845328,639.346311609552,1855.4362058298852,,,False,False,True,Equal,True
C03,Generic Search High Intent,636779.9615616439,537993.5275684792,-98786.43399316468,-15.513433203975216,4682057.450404597,170.87204904592687,870.281371518663,3148.516861431665,,,False,False,True,Equal,True
C04,Generic Search Mid Intent,540693.3946027397,523334.75020640454,-17358.644396335178,-3.210441364664532,3422492.6320678955,101.29041455686293,653.9777132548634,5166.675963327331,,,False,False,True,Equal,True
C05,Shopping Best Seller,781135.442328767,601795.6485024766,-179339.7938262904,-22.958860155113694,5633835.951530036,268.08798018258693,936.1709353581094,2244.769228715928,,,False,False,True,Equal,True
C06,Shopping Long Tail,441614.84484931506,508219.5218434861,66604.67699417105,15.08207384126715,3127548.8460737993,96.30076316345186,615.3932920028552,5277.419463238127,,,False,False,True,Equal,True
C07,Retargeting,292829.7437260274,380678.6668438356,87848.92311780824,30.00000000000001,3859782.9143245076,478.46942059641464,1013.9215171487116,795.617547239106,,,False,False,True,Equal,True
C08,Competitor,392659.6517808219,500751.01403203164,108091.36225120974,27.528003389445548,2880667.152235145,53.65639813724552,575.2693597243274,9332.549917927421,,,False,False,True,Equal,True
C09,Prospecting,693340.0916986301,546622.2295971682,-146717.86210146197,-21.161023840697634,4047780.3197139455,41.84223207694844,740.5078133571235,13063.887906169115,,,False,False,True,Equal,True
C10,Seasonal,490095.6614246575,515615.65971168026,25519.998287022754,5.2071463380921905,4557628.123750595,141.68831370856995,883.9196478825158,3639.0838892487536,,,False,False,True,Equal,True
C11,New Product Launch,593839.0018630137,531442.5393517261,-62396.46251128765,-10.50730287426982,3627701.844794892,80.37319286016663,682.6141259260316,6612.186482081537,,,False,False,True,Equal,True
C12,Low Efficiency Legacy,294726.3729863014,383144.2848821918,88417.91189589043,30.000000000000004,849548.3007603382,13.568487393252202,221.73064672530742,28237.803800645812,,,False,False,True,Equal,True
C01,Brand Search Core,491070.40695890406,608451.7698028474,117381.36284394335,23.903163615755528,4998858.268866088,502.0799086835809,821.5701748202384,1211.862413292271,,,False,False,True,Historical_ROAS,True
C02,Brand Search Expansion,344741.2209041096,448163.5871753425,103422.3662712329,30.000000000000004,2865317.3645826117,241.54082245845328,639.346311609552,1855.4362058298852,,,False,False,True,Historical_ROAS,True
C03,Generic Search High Intent,636779.9615616439,608902.559752375,-27877.401809268864,-4.377870456366454,5137428.916102288,187.49086593252605,843.7193823247432,3247.638527476352,,,False,False,True,Historical_ROAS,True
C04,Generic Search Mid Intent,540693.3946027397,480699.6356274785,-59993.75897526124,-11.09570776601406,3211735.4039051314,95.05294692539478,668.1376822166114,5057.177617068204,,,False,False,True,Historical_ROAS,True
C05,Shopping Best Seller,781135.442328767,666591.555194132,-114543.887134635,-14.663767757503104,6100963.125921055,290.3163840176111,915.2475872791797,2296.086586534832,,,False,False,True,Historical_ROAS,True
C06,Shopping Long Tail,441614.84484931506,454230.2693846518,12615.42453533673,2.856657714855868,2888468.0770639703,88.93919611958155,635.9039174066919,5107.200078286348,,,False,False,True,Historical_ROAS,True
C07,Retargeting,292829.7437260274,380678.6668438356,87848.92311780824,30.00000000000001,3859782.9143245076,478.46942059641464,1013.9215171487116,795.617547239106,,,False,False,True,Historical_ROAS,True
C08,Competitor,392659.6517808219,433822.0226847781,41162.37090395618,10.48296424582288,2610518.878570895,48.62451400701146,601.7488145058369,8921.878841240916,,,False,False,True,Historical_ROAS,True
C09,Prospecting,693340.0916986301,553292.8824247876,-140047.2092738425,-20.19891983034438,4085367.2921728534,42.23077164690381,738.3733682365238,13101.652204012067,,,False,False,True,Historical_ROAS,True
C10,Seasonal,490095.6614246575,612283.715565192,122188.05414053454,24.93147027364953,5142304.156788921,159.86482107987425,839.8564302893666,3830.009075350436,,,False,False,True,Historical_ROAS,True
C11,New Product Launch,593839.0018630137,511214.301041595,-82624.70082141872,-13.913653458631961,3525415.078405584,78.10698842722888,689.6158951779282,6545.052002842047,,,False,False,True,Historical_ROAS,True
C12,Low Efficiency Legacy,294726.3729863014,235194.8291879166,-59531.54379838478,-20.198919830344384,598773.4926804143,9.56325918088057,254.5861636277746,24593.585172106592,,,False,False,True,Historical_ROAS,True
C01,Brand Search Core,491070.40695890406,626315.7894736842,135245.3825147801,27.540935189380754,5096220.142544926,511.8588297925048,813.6822076332235,1223.6104039224592,545.0166058526169,521.9171869890733,False,False,True,Gurobi_Optimized,True
C02,Brand Search Expansion,344741.2209041096,294736.842105263,-50004.37879884662,-14.504902740585068,2130047.477150033,179.5589646947602,722.6946797473331,1641.448772030394,563.0735519351217,534.6153648365714,False,False,True,Gurobi_Optimized,True
C03,Generic Search High Intent,636779.9615616439,763157.8947368409,126377.93317519699,19.846405478160275,6032182.499519609,220.14496721368215,790.423913730157,3466.6152235771397,552.1628328859865,522.4584383694586,False,False,True,Gurobi_Optimized,True
C04,Generic Search Mid Intent,540693.3946027397,415789.4736842106,-124903.9209185291,-23.1006929556258,2873397.5952972285,85.03966696299246,691.070307729713,4889.359148891703,641.1910169993075,525.9380676792707,False,False,True,Gurobi_Optimized,True
C05,Shopping Best Seller,781135.442328767,989289.3927573193,208153.95042855223,26.647613096134954,8092334.380697767,385.0764554999492,817.9946575736594,2569.072657202356,538.2253883686011,538.2253883686011,False,False,True,Gurobi_Optimized,True
C06,Shopping Long Tail,441614.84484931506,342105.26315789483,-99509.58169142023,-22.533115191219228,2333559.9053720688,71.85294645583932,682.117510801066,4761.186284380865,664.5930288129297,518.350545244236,False,False,True,Gurobi_Optimized,True
C07,Retargeting,292829.7437260274,380678.6668438356,87848.92311780824,30.00000000000001,3859782.9143245076,478.46942059641464,1013.9215171487116,795.617547239106,668.6904517580333,668.6904517580333,False,False,True,Gurobi_Optimized,True
C08,Competitor,392659.6517808219,274861.7562465753,-117797.89553424658,-30.0,1847132.40741013,34.405388275179824,672.0223404790765,7988.915981653421,530.0947056059343,530.0947056059343,False,False,True,Gurobi_Optimized,True
C09,Prospecting,693340.0916986301,615789.4736842109,-77550.61801441922,-11.185076262419233,4437515.3824943025,45.87095489719581,720.622156131553,13424.387503253294,563.4676759564097,525.9608036775314,False,False,True,Gurobi_Optimized,True
C10,Seasonal,490095.6614246575,637124.3598520547,147028.69842739723,30.0,5279858.655437082,164.14113859137123,828.7014259921102,3881.564154603396,553.7477090355079,553.7477090355079,False,False,True,Gurobi_Optimized,True
C11,New Product Launch,593839.0018630137,447368.4210526316,-146470.58081038215,-24.665032163746268,3181809.967753274,70.4942790570192,711.2281104389672,6346.166341963413,576.7276435180279,538.1789877619465,False,False,True,Gurobi_Optimized,True
C12,Low Efficiency Legacy,294726.3729863014,206308.46109041094,-88417.91189589043,-30.000000000000004,535843.4460448335,8.558177370149561,259.72926326565437,24106.588607289585,227.36930607526227,227.36930607526227,False,False,False,Gurobi_Optimized,True
