campaign_id,breakpoint_index,budget_KRW,expected_revenue_KRW,in_training_spend_support,concavity_enforced
C01,0,250000.0,2272880.9060015576,False,True
C01,1,284210.5263157895,2621213.8198306016,False,True
C01,2,318421.05263157893,2969546.7336596455,False,True
C01,3,352631.5789473684,3317879.6474886895,False,True
C01,4,386842.10526315786,3604388.796321512,True,True
C01,5,421052.63157894736,3846167.6462834976,True,True
C01,6,455263.15789473685,4077699.1920943,True,True
C01,7,489473.6842105263,4299417.744870808,True,True
C01,8,523684.2105263158,4511739.2083377335,True,True
C01,9,557894.7368421053,4715061.85898744,True,True
C01,10,592105.2631578947,4909767.093174295,True,True
C01,11,626315.7894736843,5096220.142544927,True,True
C01,12,660526.3157894737,5274770.759146452,True,True
C01,13,694736.8421052631,5445753.871497772,True,True
C01,14,728947.3684210526,5609490.212854627,True,True
C01,15,763157.894736842,5670319.733235766,False,True
C01,16,797368.4210526316,5694677.575436616,False,True
C01,17,831578.947368421,5706784.622162276,False,True
C01,18,865789.4736842106,5707287.095905985,False,True
C01,19,900000.0,5707287.095905985,False,True
C02,0,150000.0,1101209.152129629,False,True
C02,1,178947.36842105264,1323509.6689315909,False,True
C02,2,207894.73684210525,1545810.1857335528,False,True
C02,3,236842.1052631579,1768110.7025355147,False,True
C02,4,265789.4736842105,1967052.5015898673,True,True
C02,5,294736.84210526315,2130047.477150034,True,True
C02,6,323684.2105263158,2284804.556444831,True,True
C02,7,352631.5789473684,2431740.08933195,True,True
C02,8,381578.947368421,2571249.383014695,True,True
C02,9,410526.3157894737,2703707.7655545427,True,True
C02,10,439473.6842105263,2829471.5956329303,True,True
C02,11,468421.05263157893,2948879.2212788756,True,True
C02,12,497368.4210526316,3050382.078364985,False,True
C02,13,526315.7894736843,3114078.6449556123,False,True
C02,14,555263.1578947369,3169549.069014642,False,True
C02,15,584210.5263157894,3217280.0373610817,False,True
C02,16,613157.894736842,3257730.0543637155,False,True
C02,17,642105.2631578947,3291331.0474888487,False,True
C02,18,671052.6315789474,3318489.8825451923,False,True
C02,19,700000.0,3339589.7936526737,False,True
C03,0,300000.0,2613351.282504138,False,True
C03,1,357894.7368421053,3159794.2621582933,False,True
C03,2,415789.4736842105,3706237.241812448,False,True
C03,3,473684.2105263158,4241435.557388935,True,True
C03,4,531578.947368421,4640247.305193717,True,True
C03,5,589473.6842105263,5017604.400875862,True,True
C03,6,647368.4210526316,5374661.028333505,True,True
C03,7,705263.1578947369,5712509.280480361,True,True
C03,8,763157.894736842,6032182.499519615,True,True
C03,9,821052.6315789474,6334658.437522987,True,True
C03,10,878947.3684210526,6620862.246981873,True,True
C03,11,936842.1052631579,6882016.508043532,False,True
C03,12,994736.8421052631,7049798.829450041,False,True
C03,13,1052631.5789473685,7197839.284672174,False,True
C03,14,1110526.3157894737,7327360.671660021,False,True
C03,15,1168421.0526315789,7439511.35809585,False,True
C03,16,1226315.789473684,7535369.750714049,False,True
C03,17,1284210.5263157894,7615948.499159523,False,True
C03,18,1342105.2631578948,7682198.450011809,False,True
C03,19,1400000.0,7735012.365689112,False,True
C04,0,250000.0,1696592.115037722,False,True
C04,1,305263.15789473685,2107823.6531018773,False,True
C04,2,360526.3157894737,2519055.191166032,False,True
C04,3,415789.4736842105,2873397.595297228,True,True
C04,4,471052.63157894736,3164047.5800673515,True,True
C04,5,526315.7894736843,3437228.738191245,True,True
C04,6,581578.947368421,3693990.991982295,True,True
C04,7,636842.1052631579,3935321.160668236,True,True
C04,8,692105.2631578947,4162146.7530521527,True,True
C04,9,747368.4210526316,4358536.853047294,False,True
C04,10,802631.5789473684,4514146.698440045,False,True
C04,11,857894.7368421053,4654137.403990309,False,True
C04,12,913157.894736842,4779556.568825647,False,True
C04,13,968421.0526315789,4891382.2865765365,False,True
C04,14,1023684.2105263157,4990527.716032913,False,True
C04,15,1078947.3684210526,5077845.35346031,False,True
C04,16,1134210.5263157894,5154131.025926947,False,True
C04,17,1189473.6842105263,5220127.6237447085,False,True
C04,18,1244736.8421052631,5276528.588958731,False,True
C04,19,1300000.0,5323981.175727013,False,True
C05,0,400000.0,3630862.8022213606,False,True
C05,1,463157.89473684214,4268545.102544552,False,True
C05,2,526315.7894736843,4906227.402867743,False,True
C05,3,589473.6842105263,5543909.703190934,False,True
C05,4,652631.5789473684,6004838.853130966,True,True
C05,5,715789.4736842106,6439725.4600433055,True,True
C05,6,778947.3684210526,6853705.299130468,True,True
C05,7,842105.2631578947,7247783.443747087,True,True
C05,8,905263.1578947369,7622916.649284134,True,True
C05,9,968421.052631579,7980015.676009921,True,True
C05,10,1031578.9473684211,8319947.500242722,True,True
C05,11,1094736.8421052631,8553777.313408952,False,True
C05,12,1157894.7368421052,8758337.355375526,False,True
C05,13,1221052.6315789474,8941673.3781861,False,True
C05,14,1284210.5263157894,9104963.614921162,False,True
C05,15,1347368.4210526315,9249322.064917656,False,True
C05,16,1410526.3157894737,9375801.946690323,False,True
C05,17,1473684.2105263157,9485398.96731273,False,True
C05,18,1536842.105263158,9579054.41792497,False,True
C05,19,1600000.0,9657658.104529627,False,True
C06,0,200000.0,1344746.8261919743,False,True
C06,1,247368.42105263157,1681749.7536947485,False,True
C06,2,294736.84210526315,2018752.6811975227,False,True
C06,3,342105.2631578947,2333559.9053720683,True,True
C06,4,389473.6842105263,2579094.3741719695,True,True
C06,5,436842.10526315786,2809263.9092788757,True,True
C06,6,484210.5263157895,3025030.009860477,True,True
C06,7,531578.9473684211,3227294.0068684486,True,True
C06,8,578947.3684210526,3416900.8282151073,True,True
C06,9,626315.7894736843,3594642.528334713,True,True
C06,10,673684.2105263157,3761261.596873644,True,True
C06,11,721052.6315789474,3880037.1240252745,False,True
C06,12,768421.052631579,3979110.485608263,False,True
C06,13,815789.4736842106,4066005.216394746,False,True
C06,14,863157.8947368421,4141580.5340589294,False,True
C06,15,910526.3157894737,4206635.811716807,False,True
C06,16,957894.7368421053,4261914.703124008,False,True
C06,17,1005263.1578947369,4308108.985932392,False,True
C06,18,1052631.5789473685,4345862.142137748,False,True
C06,19,1100000.0,4375772.693560441,False,True
C07,0,150000.0,1707460.7672855395,False,True
C07,1,173684.2105263158,2010347.1696682689,False,True
C07,2,197368.42105263157,2313233.572050998,False,True
C07,3,221052.63157894736,2606538.5685483557,True,True
C07,4,244736.84210526315,2820314.4669070784,True,True
C07,5,268421.05263157893,3023665.4560575485,True,True
C07,6,292105.2631578947,3217099.912916129,True,True
C07,7,315789.47368421056,3401101.423095592,True,True
C07,8,339473.6842105263,3576129.9898678255,True,True
C07,9,363157.89473684214,3742623.1841707574,True,True
C07,10,386842.10526315786,3900997.2385345018,True,True
C07,11,410526.3157894737,4051648.0876615434,True,True
C07,12,434210.5263157895,4194952.358262412,True,True
C07,13,457894.7368421053,4313830.50399352,False,True
C07,14,481578.94736842107,4371621.242587149,False,True
C07,15,505263.15789473685,4419168.1092007,False,True
C07,16,528947.3684210526,4457066.866200512,False,True
C07,17,552631.5789473684,4485879.531320511,False,True
C07,18,576315.7894736843,4506136.252043876,False,True
C07,19,600000.0,4518337.077421566,False,True
C08,0,150000.0,993448.0532706262,False,True
C08,1,189473.68421052632,1274632.2123428478,False,True
C08,2,228947.36842105264,1555816.3714150696,False,True
C08,3,268421.05263157893,1812990.578543264,True,True
C08,4,307894.7368421053,2022238.4886508698,True,True
C08,5,347368.4210526316,2219228.4434399735,True,True
C08,6,386842.10526315786,2404678.5263959165,True,True
C08,7,426315.7894736842,2579264.754943386,True,True
C08,8,465789.4736842105,2743623.5447190176,True,True
C08,9,505263.1578947368,2898354.0294844024,True,True
C08,10,544736.8421052631,3044020.245136233,True,True
C08,11,584210.5263157894,3181153.1857749117,True,True
C08,12,623684.2105263157,3310252.739326574,True,True
C08,13,663157.894736842,3431789.509774401,True,True
C08,14,702631.5789473684,3519241.1084289686,False,True
C08,15,742105.2631578947,3558614.883137621,False,True
C08,16,781578.947368421,3587978.881378885,False,True
C08,17,821052.6315789473,3608029.2592857596,False,True
C08,18,860526.3157894736,3619414.9608285674,False,True
C08,19,900000.0,3622740.860264199,False,True
C09,0,300000.0,2212740.2583768005,False,True
C09,1,378947.36842105264,2852457.305450362,False,True
C09,2,457894.7368421053,3492174.352523924,False,True
C09,3,536842.1052631579,3992672.4804234505,True,True
C09,4,615789.4736842106,4437515.382494301,True,True
C09,5,694736.8421052631,4852747.59592393,True,True
C09,6,773684.2105263157,5240340.137621286,True,True
C09,7,852631.5789473684,5602132.824991572,True,True
C09,8,931578.947368421,5939843.009148877,True,True
C09,9,1010526.3157894736,6255073.726808011,True,True
C09,10,1089473.6842105263,6549321.30955075,True,True
C09,11,1168421.0526315789,6797559.569018417,False,True
C09,12,1247368.4210526315,6967867.8236746965,False,True
C09,13,1326315.789473684,7115425.3194657555,False,True
C09,14,1405263.1578947369,7241937.857639592,False,True
C09,15,1484210.5263157894,7348984.952684091,False,True
C09,16,1563157.894736842,7438029.086633981,False,True
C09,17,1642105.2631578946,7510424.290916879,False,True
C09,18,1721052.6315789472,7567424.104258166,False,True
C09,19,1800000.0,7610188.951684633,False,True
C10,0,200000.0,1898926.684063946,False,False
C10,1,257894.73684210525,2568692.8374396022,False,False
C10,2,315789.4736842105,3118606.0503327637,True,False
C10,3,373684.2105263158,3572667.4307074193,True,False
C10,4,431578.947368421,3996195.1674102377,True,False
C10,5,489473.6842105263,4391242.514552171,True,False
C10,6,547368.4210526316,4759724.653877523,True,False
C10,7,605263.1578947369,5103427.979527258,True,False
C10,8,663157.894736842,5424018.758442552,True,False
C10,9,721052.6315789474,5723051.20839404,True,False
C10,10,778947.3684210526,6001975.03279891,True,False
C10,11,836842.1052631579,6252835.485563057,False,False
C10,12,894736.8421052631,6415045.383105043,False,False
C10,13,952631.5789473684,6555386.144642399,False,False
C10,14,1010526.3157894736,6675515.812388082,False,False
C10,15,1068421.0526315789,6776968.328049528,False,False
C10,16,1126315.789473684,6861162.725636986,False,False
C10,17,1184210.5263157894,6929411.649098822,False,False
C10,18,1242105.2631578948,6982929.244019026,False,False
C10,19,1300000.0,7022838.469043556,False,False
C11,0,250000.0,1764047.2693346208,False,True
C11,1,315789.4736842105,2283215.577913017,False,True
C11,2,381578.947368421,2802383.886491413,True,True
C11,3,447368.4210526316,3181809.967753274,True,True
C11,4,513157.8947368421,3535875.09128087,True,True
C11,5,578947.3684210526,3866274.391407247,True,True
C11,6,644736.8421052631,4174589.6991573796,True,True
C11,7,710526.3157894737,4462297.115476661,True,True
C11,8,776315.7894736842,4730774.078262434,True,True
C11,9,842105.2631578947,4981305.957032924,True,True
C11,10,907894.7368421052,5165524.521292723,False,True
C11,11,973684.2105263157,5326979.334732879,False,True
C11,12,1039473.6842105263,5469896.898424441,False,True
C11,13,1105263.1578947366,5595653.069026577,False,True
C11,14,1171052.6315789474,5705522.595344867,False,True
C11,15,1236842.1052631577,5800686.487677467,False,True
C11,16,1302631.5789473683,5882238.853734722,False,True
C11,17,1368421.0526315789,5951193.239517464,False,True
C11,18,1434210.5263157894,6008488.510791126,False,True
C11,19,1500000.0,6054994.308240437,False,True
C12,0,100000.0,261905.12175476362,False,False
C12,1,121052.63157894737,316693.81312741846,False,False
C12,2,142105.26315789475,371274.4399990528,False,False
C12,3,163157.8947368421,425615.345438042,False,False
C12,4,184210.5263157895,479687.9911721122,False,False
C12,5,205263.15789473685,533466.7474224468,False,False
C12,6,226315.7894736842,581333.969754081,True,False
C12,7,247368.4210526316,622683.9200749693,True,False
C12,8,268421.052631579,662249.9934165434,True,False
C12,9,289473.6842105263,700109.1479626134,True,False
C12,10,310526.3157894737,736335.0218462665,True,False
C12,11,331578.94736842107,770998.076380075,True,False
C12,12,352631.5789473684,804165.7331072188,True,False
C12,13,373684.2105263158,835902.5049400835,True,False
C12,14,394736.8421052632,866270.1216414175,True,False
C12,15,415789.47368421056,895327.6498921065,True,False
C12,16,436842.1052631579,923131.6081791096,True,False
C12,17,457894.7368421053,923678.6818094223,False,False
C12,18,478947.36842105264,923678.6818094223,False,False
C12,19,500000.0,923678.6818094223,False,False
