campaign_id,omitted_block,probe_spend_krw,refit_success,mode,marginal_roas_pct,base_marginal_roas_pct,message
C01,0,346909.1114760274,True,calendar_robust_saturation,730.6625210824288,716.7558243141054,`ftol` termination condition is satisfied.
C01,0,495584.4449657535,True,calendar_robust_saturation,558.3505217108814,543.6794470861219,`ftol` termination condition is satisfied.
C01,0,644259.7784554795,True,calendar_robust_saturation,426.6748274332839,412.39614825136766,`ftol` termination condition is satisfied.
C01,1,346909.1114760274,True,calendar_robust_saturation,699.1155393156955,716.7558243141054,`ftol` termination condition is satisfied.
C01,1,495584.4449657535,True,calendar_robust_saturation,517.8235493571876,543.6794470861219,`ftol` termination condition is satisfied.
C01,1,644259.7784554795,True,calendar_robust_saturation,383.54351060675367,412.39614825136766,`ftol` termination condition is satisfied.
C01,2,346909.1114760274,True,calendar_robust_saturation,763.2478708764735,716.7558243141054,`ftol` termination condition is satisfied.
C01,2,495584.4449657535,True,calendar_robust_saturation,618.9389941882888,543.6794470861219,`ftol` termination condition is satisfied.
C01,2,644259.7784554795,True,calendar_robust_saturation,501.91489966017923,412.39614825136766,`ftol` termination condition is satisfied.
C01,3,346909.1114760274,True,calendar_robust_saturation,645.89706054964,716.7558243141054,`ftol` termination condition is satisfied.
C01,3,495584.4449657535,True,calendar_robust_saturation,445.85774681799154,543.6794470861219,`ftol` termination condition is satisfied.
C01,3,644259.7784554795,True,calendar_robust_saturation,307.77215525404677,412.39614825136766,`ftol` termination condition is satisfied.
C02,0,244103.68984246577,True,calendar_robust_saturation,615.2243228093779,591.2643436236199,`ftol` termination condition is satisfied.
C02,0,348719.55691780825,True,calendar_robust_saturation,504.55920537977346,473.3914435538855,`ftol` termination condition is satisfied.
C02,0,453335.42399315076,True,calendar_robust_saturation,413.8002713724761,379.01737394921645,`ftol` termination condition is satisfied.
C02,1,244103.68984246577,True,calendar_robust_saturation,577.7948826181074,591.2643436236199,`ftol` termination condition is satisfied.
C02,1,348719.55691780825,True,calendar_robust_saturation,453.2059980920052,473.3914435538855,`ftol` termination condition is satisfied.
C02,1,453335.42399315076,True,calendar_robust_saturation,355.48199349893974,379.01737394921645,`ftol` termination condition is satisfied.
C02,2,244103.68984246577,True,calendar_robust_saturation,612.3570922047388,591.2643436236199,`ftol` termination condition is satisfied.
C02,2,348719.55691780825,True,calendar_robust_saturation,507.4891802024631,473.3914435538855,`ftol` termination condition is satisfied.
C02,2,453335.42399315076,True,calendar_robust_saturation,420.58019952916436,379.01737394921645,`ftol` termination condition is satisfied.
C02,3,244103.68984246577,True,calendar_robust_saturation,551.5230832985069,591.2643436236199,`ftol` termination condition is satisfied.
C02,3,348719.55691780825,True,calendar_robust_saturation,416.86750365736805,473.3914435538855,`ftol` termination condition is satisfied.
C02,3,453335.42399315076,True,calendar_robust_saturation,315.08838137146415,379.01737394921645,`ftol` termination condition is satisfied.
C03,0,456808.8375890411,True,calendar_robust_saturation,742.7470962115106,722.7538150618557,`ftol` termination condition is satisfied.
C03,0,652584.0536986302,True,calendar_robust_saturation,619.8571206828249,599.0324214949159,`ftol` termination condition is satisfied.
C03,0,848359.2698082193,True,calendar_robust_saturation,517.2997000203522,496.4897237814678,`ftol` termination condition is satisfied.
C03,1,456808.8375890411,True,calendar_robust_saturation,716.802862348497,722.7538150618557,`ftol` termination condition is satisfied.
C03,1,652584.0536986302,True,calendar_robust_saturation,595.187106632864,599.0324214949159,`ftol` termination condition is satisfied.
C03,1,848359.2698082193,True,calendar_robust_saturation,494.2051859856709,496.4897237814678,`ftol` termination condition is satisfied.
C03,2,456808.8375890411,True,calendar_robust_saturation,736.5504065794778,722.7538150618557,`ftol` termination condition is satisfied.
C03,2,652584.0536986302,True,calendar_robust_saturation,619.2225785082162,599.0324214949159,`ftol` termination condition is satisfied.
C03,2,848359.2698082193,True,calendar_robust_saturation,520.5843324627765,496.4897237814678,`ftol` termination condition is satisfied.
C03,3,456808.8375890411,True,calendar_robust_saturation,676.2512551441887,722.7538150618557,`ftol` termination condition is satisfied.
C03,3,652584.0536986302,True,calendar_robust_saturation,532.0590711253104,599.0324214949159,`ftol` termination condition is satisfied.
C03,3,848359.2698082193,True,calendar_robust_saturation,418.61194787190294,496.4897237814678,`ftol` termination condition is satisfied.
C04,0,388474.50518493145,True,calendar_robust_saturation,583.7721038288829,565.9841464323029,`ftol` termination condition is satisfied.
C04,0,554963.5788356164,True,calendar_robust_saturation,497.3252122501683,471.94145054214187,`ftol` termination condition is satisfied.
C04,0,721452.6524863013,True,calendar_robust_saturation,423.67966046588253,393.5246846467307,`ftol` termination condition is satisfied.
C04,1,388474.50518493145,True,calendar_robust_saturation,564.8001131241666,565.9841464323029,`ftol` termination condition is satisfied.
C04,1,554963.5788356164,True,calendar_robust_saturation,471.1959241048024,471.94145054214187,`ftol` termination condition is satisfied.
C04,1,721452.6524863013,True,calendar_robust_saturation,393.1047351687908,393.5246846467307,`ftol` termination condition is satisfied.
C04,2,388474.50518493145,True,calendar_robust_saturation,571.1601453548211,565.9841464323029,`ftol` termination condition is satisfied.
C04,2,554963.5788356164,True,calendar_robust_saturation,480.0091005811959,471.94145054214187,`ftol` termination condition is satisfied.
C04,2,721452.6524863013,True,calendar_robust_saturation,403.4047867566673,393.5246846467307,`ftol` termination condition is satisfied.
C04,3,388474.50518493145,True,calendar_robust_saturation,540.4176391341115,565.9841464323029,`ftol` termination condition is satisfied.
C04,3,554963.5788356164,True,calendar_robust_saturation,431.694579629446,471.94145054214187,`ftol` termination condition is satisfied.
C04,3,721452.6524863013,True,calendar_robust_saturation,344.84479518477826,393.5246846467307,`ftol` termination condition is satisfied.
C05,0,561771.5714109589,True,calendar_robust_saturation,722.6016325974743,684.5241873514004,`ftol` termination condition is satisfied.
C05,0,802530.8163013699,True,calendar_robust_saturation,548.4805280192003,504.8473914383963,`ftol` termination condition is satisfied.
C05,0,1043290.061191781,True,calendar_robust_saturation,416.3163713522894,372.33291876553574,`ftol` termination condition is satisfied.
C05,1,561771.5714109589,True,calendar_robust_saturation,684.3226318938285,684.5241873514004,`ftol` termination condition is satisfied.
C05,1,802530.8163013699,True,calendar_robust_saturation,508.20376070768987,504.8473914383963,`ftol` termination condition is satisfied.
C05,1,1043290.061191781,True,calendar_robust_saturation,377.4112536402409,372.33291876553574,`ftol` termination condition is satisfied.
C05,2,561771.5714109589,True,calendar_robust_saturation,709.4508444179446,684.5241873514004,`ftol` termination condition is satisfied.
C05,2,802530.8163013699,True,calendar_robust_saturation,540.7592055817126,504.8473914383963,`ftol` termination condition is satisfied.
C05,2,1043290.061191781,True,calendar_robust_saturation,412.1786882377676,372.33291876553574,`ftol` termination condition is satisfied.
C05,3,561771.5714109589,True,calendar_robust_saturation,620.8778400412494,684.5241873514004,`ftol` termination condition is satisfied.
C05,3,802530.8163013699,True,calendar_robust_saturation,422.21067612061694,504.8473914383963,`ftol` termination condition is satisfied.
C05,3,1043290.061191781,True,calendar_robust_saturation,287.1126065932475,372.33291876553574,`ftol` termination condition is satisfied.
C06,0,316833.11478767125,True,calendar_robust_saturation,583.797854389468,572.7394395798091,`ftol` termination condition is satisfied.
C06,0,452618.73541095894,True,calendar_robust_saturation,506.454018391187,491.96271303524605,`ftol` termination condition is satisfied.
C06,0,588404.3560342466,True,calendar_robust_saturation,439.35699800202633,422.5783913092549,`ftol` termination condition is satisfied.
C06,1,316833.11478767125,True,calendar_robust_saturation,557.483833165797,572.7394395798091,`ftol` termination condition is satisfied.
C06,1,452618.73541095894,True,calendar_robust_saturation,463.67492046810054,491.96271303524605,`ftol` termination condition is satisfied.
C06,1,588404.3560342466,True,calendar_robust_saturation,385.6514199707017,422.5783913092549,`ftol` termination condition is satisfied.
C06,2,316833.11478767125,True,calendar_robust_saturation,585.286394414588,572.7394395798091,`ftol` termination condition is satisfied.
C06,2,452618.73541095894,True,calendar_robust_saturation,513.0074951800824,491.96271303524605,`ftol` termination condition is satisfied.
C06,2,588404.3560342466,True,calendar_robust_saturation,449.6545496742248,422.5783913092549,`ftol` termination condition is satisfied.
C06,3,316833.11478767125,True,calendar_robust_saturation,556.0736811901728,572.7394395798091,`ftol` termination condition is satisfied.
C06,3,452618.73541095894,True,calendar_robust_saturation,470.7302352751763,491.96271303524605,`ftol` termination condition is satisfied.
C06,3,588404.3560342466,True,calendar_robust_saturation,398.48488050712456,422.5783913092549,`ftol` termination condition is satisfied.
C07,0,207608.00370205482,True,calendar_robust_saturation,960.1446724861142,927.124529747481,`ftol` termination condition is satisfied.
C07,0,296582.8624315069,True,calendar_robust_saturation,768.5965788182692,731.0417474978877,`ftol` termination condition is satisfied.
C07,0,385557.721160959,True,calendar_robust_saturation,615.2621765233938,576.4296159118182,`ftol` termination condition is satisfied.
C07,1,207608.00370205482,True,calendar_robust_saturation,883.7439203451206,927.124529747481,`ftol` termination condition is satisfied.
C07,1,296582.8624315069,True,calendar_robust_saturation,665.202078377609,731.0417474978877,`ftol` termination condition is satisfied.
C07,1,385557.721160959,True,calendar_robust_saturation,500.7036482979002,576.4296159118182,`ftol` termination condition is satisfied.
C07,2,207608.00370205482,True,calendar_robust_saturation,955.3673299823338,927.124529747481,`ftol` termination condition is satisfied.
C07,2,296582.8624315069,True,calendar_robust_saturation,775.8707873116912,731.0417474978877,`ftol` termination condition is satisfied.
C07,2,385557.721160959,True,calendar_robust_saturation,630.0984550254558,576.4296159118182,`ftol` termination condition is satisfied.
C07,3,207608.00370205482,True,calendar_robust_saturation,899.3716088602993,927.124529747481,`ftol` termination condition is satisfied.
C07,3,296582.8624315069,True,calendar_robust_saturation,695.299543585335,731.0417474978877,`ftol` termination condition is satisfied.
C07,3,385557.721160959,True,calendar_robust_saturation,537.5324844005263,576.4296159118182,`ftol` termination condition is satisfied.
C08,0,279218.80491438357,True,calendar_robust_saturation,479.6162264997348,497.7294970478065,`ftol` termination condition is satisfied.
C08,0,398884.007020548,True,calendar_robust_saturation,358.53705872931664,386.00703990215055,`ftol` termination condition is satisfied.
C08,0,518549.2091267124,True,calendar_robust_saturation,268.0243398360929,299.3622755689502,`ftol` termination condition is satisfied.
C08,1,279218.80491438357,True,calendar_robust_saturation,509.3141279324789,497.7294970478065,`ftol` termination condition is satisfied.
C08,1,398884.007020548,True,calendar_robust_saturation,402.1988356396111,386.00703990215055,`ftol` termination condition is satisfied.
C08,1,518549.2091267124,True,calendar_robust_saturation,317.61126290866287,299.3622755689502,`ftol` termination condition is satisfied.
C08,2,279218.80491438357,True,calendar_robust_saturation,510.575043122625,497.7294970478065,`ftol` termination condition is satisfied.
C08,2,398884.007020548,True,calendar_robust_saturation,405.99128386214886,386.00703990215055,`ftol` termination condition is satisfied.
C08,2,518549.2091267124,True,calendar_robust_saturation,322.82996357197374,299.3622755689502,`ftol` termination condition is satisfied.
C08,3,279218.80491438357,True,calendar_robust_saturation,488.29897288342374,497.7294970478065,`ftol` termination condition is satisfied.
C08,3,398884.007020548,True,calendar_robust_saturation,374.6664772271635,386.00703990215055,`ftol` termination condition is satisfied.
C08,3,518549.2091267124,True,calendar_robust_saturation,287.4775024180231,299.3622755689502,`ftol` termination condition is satisfied.
C09,0,486564.68642465747,True,calendar_robust_saturation,652.9646684939448,633.7184656639984,`ftol` termination condition is satisfied.
C09,0,695092.4091780821,True,calendar_robust_saturation,560.7226631407134,554.4795931812715,`ftol` termination condition is satisfied.
C09,0,903620.1319315068,True,calendar_robust_saturation,481.5113590828684,485.1485887070224,`ftol` termination condition is satisfied.
C09,1,486564.68642465747,True,calendar_robust_saturation,621.9051697517027,633.7184656639984,`ftol` termination condition is satisfied.
C09,1,695092.4091780821,True,calendar_robust_saturation,536.1372342938271,554.4795931812715,`ftol` termination condition is satisfied.
C09,1,903620.1319315068,True,calendar_robust_saturation,462.1976918297632,485.1485887070224,`ftol` termination condition is satisfied.
C09,2,486564.68642465747,True,calendar_robust_saturation,649.1054559092988,633.7184656639984,`ftol` termination condition is satisfied.
C09,2,695092.4091780821,True,calendar_robust_saturation,578.9757411754969,554.4795931812715,`ftol` termination condition is satisfied.
C09,2,903620.1319315068,True,calendar_robust_saturation,516.4228798541421,485.1485887070224,`ftol` termination condition is satisfied.
C09,3,486564.68642465747,True,calendar_robust_saturation,605.8630070273041,633.7184656639984,`ftol` termination condition is satisfied.
C09,3,695092.4091780821,True,calendar_robust_saturation,521.3146273745236,554.4795931812715,`ftol` termination condition is satisfied.
C09,3,903620.1319315068,True,calendar_robust_saturation,448.5650015967898,485.1485887070224,`ftol` termination condition is satisfied.
C10,0,334186.936760274,True,calendar_robust_saturation,794.3079423040299,781.8532054258433,`ftol` termination condition is satisfied.
C10,0,477409.90965753427,True,calendar_robust_saturation,637.4706919866886,649.9604308120261,`ftol` termination condition is satisfied.
C10,0,620632.8825547945,True,calendar_robust_saturation,511.60118324291625,540.3169785449228,`ftol` termination condition is satisfied.
C10,1,334186.936760274,True,calendar_robust_saturation,772.5968837519835,781.8532054258433,`ftol` termination condition is satisfied.
C10,1,477409.90965753427,True,calendar_robust_saturation,636.1252010197857,649.9604308120261,`ftol` termination condition is satisfied.
C10,1,620632.8825547945,True,calendar_robust_saturation,523.7599062104989,540.3169785449228,`ftol` termination condition is satisfied.
C10,2,334186.936760274,True,calendar_robust_saturation,793.7189349587891,781.8532054258433,`ftol` termination condition is satisfied.
C10,2,477409.90965753427,True,calendar_robust_saturation,668.2707399186141,649.9604308120261,`ftol` termination condition is satisfied.
C10,2,620632.8825547945,True,calendar_robust_saturation,562.6497770959179,540.3169785449228,`ftol` termination condition is satisfied.
C10,3,334186.936760274,True,calendar_robust_saturation,759.6721143080463,781.8532054258433,`ftol` termination condition is satisfied.
C10,3,477409.90965753427,True,calendar_robust_saturation,628.6829958472136,649.9604308120261,`ftol` termination condition is satisfied.
C10,3,620632.8825547945,True,calendar_robust_saturation,520.2801337882954,540.3169785449228,`ftol` termination condition is satisfied.
C11,0,407795.6149006849,True,calendar_robust_saturation,610.9414680381796,607.5510231319649,`ftol` termination condition is satisfied.
C11,0,582565.1641438357,True,calendar_robust_saturation,509.8386763488296,507.44726289451546,`ftol` termination condition is satisfied.
C11,0,757334.7133869864,True,calendar_robust_saturation,425.4670692690359,423.8372001938081,`ftol` termination condition is satisfied.
C11,1,407795.6149006849,True,calendar_robust_saturation,613.0713448404864,607.5510231319649,`ftol` termination condition is satisfied.
C11,1,582565.1641438357,True,calendar_robust_saturation,519.5601867171212,507.44726289451546,`ftol` termination condition is satisfied.
C11,1,757334.7133869864,True,calendar_robust_saturation,440.312191873469,423.8372001938081,`ftol` termination condition is satisfied.
C11,2,407795.6149006849,True,calendar_robust_saturation,616.8402823105897,607.5510231319649,`ftol` termination condition is satisfied.
C11,2,582565.1641438357,True,calendar_robust_saturation,519.9866275786269,507.44726289451546,`ftol` termination condition is satisfied.
C11,2,757334.7133869864,True,calendar_robust_saturation,438.34052446732005,423.8372001938081,`ftol` termination condition is satisfied.
C11,3,407795.6149006849,True,calendar_robust_saturation,568.6470877117742,607.5510231319649,`ftol` termination condition is satisfied.
C11,3,582565.1641438357,True,calendar_robust_saturation,451.7291948353881,507.44726289451546,`ftol` termination condition is satisfied.
C11,3,757334.7133869864,True,calendar_robust_saturation,358.85045378102404,423.8372001938081,`ftol` termination condition is satisfied.
C12,0,205738.92471232876,True,calendar_robust_saturation,232.235936013422,226.02039101945084,`ftol` termination condition is satisfied.
C12,0,293912.7495890411,True,calendar_robust_saturation,205.7523021588533,200.63690477974214,`ftol` termination condition is satisfied.
C12,0,382086.57446575345,True,calendar_robust_saturation,182.28879892740366,178.10414086103873,`ftol` termination condition is satisfied.
C12,1,205738.92471232876,True,calendar_robust_saturation,223.55411739708987,226.02039101945084,`ftol` termination condition is satisfied.
C12,1,293912.7495890411,True,calendar_robust_saturation,197.0014803797453,200.63690477974214,`ftol` termination condition is satisfied.
C12,1,382086.57446575345,True,calendar_robust_saturation,173.6026324349702,178.10414086103873,`ftol` termination condition is satisfied.
C12,2,205738.92471232876,True,calendar_robust_saturation,229.80482952862414,226.02039101945084,`ftol` termination condition is satisfied.
C12,2,293912.7495890411,True,calendar_robust_saturation,206.91640942454126,200.63690477974214,`ftol` termination condition is satisfied.
C12,2,382086.57446575345,True,calendar_robust_saturation,186.30766192758153,178.10414086103873,`ftol` termination condition is satisfied.
C12,3,205738.92471232876,True,calendar_robust_saturation,218.779171426395,226.02039101945084,`ftol` termination condition is satisfied.
C12,3,293912.7495890411,True,calendar_robust_saturation,191.34702801633568,200.63690477974214,`ftol` termination condition is satisfied.
C12,3,382086.57446575345,True,calendar_robust_saturation,167.35452873310874,178.10414086103873,`ftol` termination condition is satisfied.
