scenario,environment,strategy,campaign_id,campaign_name,current_budget_krw,candidate_budget_krw,oracle_budget_krw,effective_lower_krw,effective_upper_krw,truth_revenue_multiplier,synthetic_expected_daily_revenue_krw,oracle_campaign_daily_revenue_krw,true_marginal_roas_pct,in_training_spend_support
no_change_limit,generator_period_mean,Current,C01,Brand Search Core,491070.40695890406,491070.40695890406,408211.4631373723,250000.0,900000.0,1.0144001685195085,4408059.643355596,4182862.81277121,221.3093594582614,True
no_change_limit,generator_period_mean,Current,C02,Brand Search Expansion,344741.2209041096,344741.2209041096,342913.10119060136,150000.0,700000.0,1.0144245616930967,2428648.9346471676,2422649.002070993,327.0038651082969,True
no_change_limit,generator_period_mean,Current,C03,Generic Search High Intent,636779.9615616439,636779.9615616439,634461.3695565229,300000.0,1400000.0,1.0145044052024954,5334955.351252094,5327340.794820965,327.4240534666727,True
no_change_limit,generator_period_mean,Current,C04,Generic Search Mid Intent,540693.3946027397,540693.3946027397,554638.6619107561,250000.0,1300000.0,1.01452859582837,3528704.6457224786,3575352.80578382,339.6664333522617,True
no_change_limit,generator_period_mean,Current,C05,Shopping Best Seller,781135.442328767,781135.442328767,692478.4444727916,400000.0,1600000.0,1.0145352003959394,6953076.330314131,6693360.347759561,259.2805228490328,True
no_change_limit,generator_period_mean,Current,C06,Shopping Long Tail,441614.8448493151,441614.8448493151,519189.6800037011,200000.0,1100000.0,1.014523418071174,2820691.5015658834,3098218.0177047034,387.68440652791844,True
no_change_limit,generator_period_mean,Current,C07,Retargeting,292829.7437260274,292829.7437260274,329159.60116309853,150000.0,600000.0,1.0144391195793419,3273589.549731776,3407306.1694614883,409.6338099765944,True
no_change_limit,generator_period_mean,Current,C08,Competitor,392659.6517808219,392659.651780822,404579.2719108983,150000.0,900000.0,1.0144869150836244,2435784.367078117,2475710.6152340234,340.58318762242055,True
no_change_limit,generator_period_mean,Current,C09,Prospecting,693340.0916986301,693340.0916986301,737168.4463090878,300000.0,1800000.0,1.0144110622623457,4917754.020366191,5067973.9003910385,356.4434165431968,True
no_change_limit,generator_period_mean,Current,C10,Seasonal,490095.6614246575,490095.6614246575,634201.221708311,200000.0,1300000.0,1.014280187761623,4348903.948819592,4916021.1718772035,465.511971672593,True
no_change_limit,generator_period_mean,Current,C11,New Product Launch,593839.0018630137,593839.0018630137,636524.5333217916,250000.0,1500000.0,1.014258954876346,4088898.545751342,4235682.747588974,358.76067850629306,True
no_change_limit,generator_period_mean,Current,C12,Low Efficiency Legacy,294726.3729863014,294726.3729863014,100000.0,100000.0,500000.0,1.0143227556288463,724851.120804191,282574.1383793072,195.56915856802527,True
no_change_limit,generator_period_mean,Equal,C01,Brand Search Core,491070.40695890406,499460.482890411,408211.4631373723,250000.0,900000.0,1.0144001685195085,4426258.746560641,4182862.81277121,212.57378991983984,True
no_change_limit,generator_period_mean,Equal,C02,Brand Search Expansion,344741.2209041096,499460.482890411,342913.10119060136,150000.0,700000.0,1.0144245616930967,2805889.6982758916,2422649.002070993,176.10755965680727,False
no_change_limit,generator_period_mean,Equal,C03,Generic Search High Intent,636779.9615616439,499460.482890411,634461.3695565229,300000.0,1400000.0,1.0145044052024954,4794605.341965425,5327340.794820965,467.9150558812067,True
no_change_limit,generator_period_mean,Equal,C04,Generic Search Mid Intent,540693.3946027397,499460.482890411,554638.6619107561,250000.0,1300000.0,1.01452859582837,3382101.4364347463,3575352.80578382,371.91913939556287,True
no_change_limit,generator_period_mean,Equal,C05,Shopping Best Seller,781135.442328767,499460.482890411,692478.4444727916,400000.0,1600000.0,1.0145352003959394,5858918.739464273,6693360.347759561,554.7030723784947,False
no_change_limit,generator_period_mean,Equal,C06,Shopping Long Tail,441614.8448493151,499460.482890411,519189.6800037011,200000.0,1100000.0,1.014523418071174,3031864.213926397,3098218.0177047034,343.33813693221083,True
no_change_limit,generator_period_mean,Equal,C07,Retargeting,292829.7437260274,499460.482890411,329159.60116309853,150000.0,600000.0,1.0144391195793419,3758700.7065113853,3407306.1694614883,118.56711590882874,False
no_change_limit,generator_period_mean,Equal,C08,Competitor,392659.6517808219,499460.482890411,404579.2719108983,150000.0,900000.0,1.0144869150836244,2750181.5462438925,2475710.6152340234,252.5519774560036,True
no_change_limit,generator_period_mean,Equal,C09,Prospecting,693340.0916986301,499460.482890411,737168.4463090878,300000.0,1800000.0,1.0144110622623457,4090754.7781876586,5067973.9003910385,505.30328013533267,True
no_change_limit,generator_period_mean,Equal,C10,Seasonal,490095.6614246575,499460.482890411,634201.221708311,200000.0,1300000.0,1.014280187761623,4392012.05949491,4916021.1718772035,455.1660251105165,True
no_change_limit,generator_period_mean,Equal,C11,New Product Launch,593839.0018630137,499460.482890411,636524.5333217916,250000.0,1500000.0,1.014258954876346,3716240.411295163,4235682.747588974,433.29230539752876,True
no_change_limit,generator_period_mean,Equal,C12,Low Efficiency Legacy,294726.3729863014,499460.482890411,100000.0,100000.0,500000.0,1.0143227556288463,1069605.410522646,282574.1383793072,143.856015110257,False
no_change_limit,generator_period_mean,Historical_ROAS,C01,Brand Search Core,491070.40695890406,608526.0904762384,408211.4631373723,250000.0,900000.0,1.0144001685195085,4606754.032831116,4182862.81277121,125.93605251001215,True
no_change_limit,generator_period_mean,Historical_ROAS,C02,Brand Search Expansion,344741.2209041096,478942.0255087236,342913.10119060136,150000.0,700000.0,1.0144245616930967,2768230.8790821927,2422649.002070993,191.17108733428668,True
no_change_limit,generator_period_mean,Historical_ROAS,C03,Generic Search High Intent,636779.9615616439,582759.5865846256,634461.3695565229,300000.0,1400000.0,1.0145044052024954,5145055.744598073,5327340.794820965,376.79795119671826,True
no_change_limit,generator_period_mean,Historical_ROAS,C04,Generic Search Mid Intent,540693.3946027397,454488.4253448636,554638.6619107561,250000.0,1300000.0,1.01452859582837,3206287.7685612063,3575352.80578382,410.59814632774174,True
no_change_limit,generator_period_mean,Historical_ROAS,C05,Shopping Best Seller,781135.442328767,618409.9784085158,692478.4444727916,400000.0,1600000.0,1.0145352003959394,6423268.398292901,6693360.347759561,402.3286644947649,True
no_change_limit,generator_period_mean,Historical_ROAS,C06,Shopping Long Tail,441614.8448493151,444146.9899678372,519189.6800037011,200000.0,1100000.0,1.014523418071174,2830482.1792834504,3098218.0177047034,385.62836420722954,True
no_change_limit,generator_period_mean,Historical_ROAS,C07,Retargeting,292829.7437260274,600000.0,329159.60116309853,150000.0,600000.0,1.0144391195793419,3848211.3798814924,3407306.1694614883,64.86071188676453,False
no_change_limit,generator_period_mean,Historical_ROAS,C08,Competitor,392659.6517808219,428436.8903925112,404579.2719108983,150000.0,900000.0,1.0144869150836244,2551731.1231135656,2475710.6152340234,308.11809593249507,True
no_change_limit,generator_period_mean,Historical_ROAS,C09,Prospecting,693340.0916986301,501850.01464645047,737168.4463090878,300000.0,1800000.0,1.0144110622623457,4102803.2308120155,5067973.9003910385,503.13455866294845,True
no_change_limit,generator_period_mean,Historical_ROAS,C10,Seasonal,490095.6614246575,621219.8928692711,634201.221708311,200000.0,1300000.0,1.014280187761623,4872587.091140376,4916021.1718772035,339.8280175156047,True
no_change_limit,generator_period_mean,Historical_ROAS,C11,New Product Launch,593839.0018630137,480995.281292786,636524.5333217916,250000.0,1500000.0,1.014258954876346,3634736.3884771857,4235682.747588974,449.59310996112424,True
no_change_limit,generator_period_mean,Historical_ROAS,C12,Low Efficiency Legacy,294726.3729863014,173750.61919310878,100000.0,100000.0,500000.0,1.0143227556288463,465433.9381838539,282574.1383793072,234.4817359610758,False
no_change_limit,generator_period_mean,Gurobi_Optimized,C01,Brand Search Core,491070.40695890406,626315.7894736842,408211.4631373723,250000.0,900000.0,1.0144001685195085,4628227.802449263,4182862.81277121,115.62864309330124,True
no_change_limit,generator_period_mean,Gurobi_Optimized,C02,Brand Search Expansion,344741.2209041096,294736.842105263,342913.10119060136,150000.0,700000.0,1.0144245616930967,2247632.551261502,2422649.002070993,399.41041846256314,True
no_change_limit,generator_period_mean,Gurobi_Optimized,C03,Generic Search High Intent,636779.9615616439,763157.8947368409,634461.3695565229,300000.0,1400000.0,1.0145044052024954,5687637.098277221,5327340.794820965,235.72679924013974,True
no_change_limit,generator_period_mean,Gurobi_Optimized,C04,Generic Search Mid Intent,540693.3946027397,415789.4736842106,554638.6619107561,250000.0,1300000.0,1.01452859582837,3040430.4053514,3575352.80578382,447.0867662338991,True
no_change_limit,generator_period_mean,Gurobi_Optimized,C05,Shopping Best Seller,781135.442328767,1022473.163105986,692478.4444727916,400000.0,1600000.0,1.0145352003959394,7412862.325461796,6693360.347759561,135.13830415916334,True
no_change_limit,generator_period_mean,Gurobi_Optimized,C06,Shopping Long Tail,441614.8448493151,342105.26315789483,519189.6800037011,200000.0,1100000.0,1.014523418071174,2391638.998684358,3098218.0177047034,477.78543213303885,True
no_change_limit,generator_period_mean,Gurobi_Optimized,C07,Retargeting,292829.7437260274,434210.5263157895,329159.60116309853,150000.0,600000.0,1.0144391195793419,3664005.5889824615,3407306.1694614883,175.38418642618305,True
no_change_limit,generator_period_mean,Gurobi_Optimized,C08,Competitor,392659.6517808219,268421.052631579,404579.2719108983,150000.0,900000.0,1.0144869150836244,1929719.800944729,2475710.6152340234,482.2812661397693,True
no_change_limit,generator_period_mean,Gurobi_Optimized,C09,Prospecting,693340.0916986301,615789.4736842109,737168.4463090878,300000.0,1800000.0,1.0144110622623457,4621106.833866415,5067973.9003910385,409.8399101131566,True
no_change_limit,generator_period_mean,Gurobi_Optimized,C10,Seasonal,490095.6614246575,663157.8947368413,634201.221708311,200000.0,1300000.0,1.014280187761623,5008166.610601341,4916021.1718772035,307.28893284497303,True
no_change_limit,generator_period_mean,Gurobi_Optimized,C11,New Product Launch,593839.0018630137,447368.4210526316,636524.5333217916,250000.0,1500000.0,1.014258954876346,3478352.5854931036,4235682.747588974,480.8698705579407,True
no_change_limit,generator_period_mean,Gurobi_Optimized,C12,Low Efficiency Legacy,294726.3729863014,100000.0,100000.0,100000.0,500000.0,1.0143227556288463,282574.1383793072,282574.1383793072,261.91070593175783,False
no_change_limit,generator_period_mean,Oracle,C01,Brand Search Core,491070.40695890406,408211.4631373723,408211.4631373723,250000.0,900000.0,1.0144001685195085,4182862.81277121,4182862.81277121,329.4038381387668,True
no_change_limit,generator_period_mean,Oracle,C02,Brand Search Expansion,344741.2209041096,342913.10119060136,342913.10119060136,150000.0,700000.0,1.0144245616930967,2422649.002070993,2422649.002070993,329.40383813876645,True
no_change_limit,generator_period_mean,Oracle,C03,Generic Search High Intent,636779.9615616439,634461.3695565229,634461.3695565229,300000.0,1400000.0,1.0145044052024954,5327340.794820965,5327340.794820965,329.4038381387662,True
no_change_limit,generator_period_mean,Oracle,C04,Generic Search Mid Intent,540693.3946027397,554638.6619107561,554638.6619107561,250000.0,1300000.0,1.01452859582837,3575352.80578382,3575352.80578382,329.40383813876673,True
no_change_limit,generator_period_mean,Oracle,C05,Shopping Best Seller,781135.442328767,692478.4444727916,692478.4444727916,400000.0,1600000.0,1.0145352003959394,6693360.347759561,6693360.347759561,329.40383813876673,True
no_change_limit,generator_period_mean,Oracle,C06,Shopping Long Tail,441614.8448493151,519189.6800037011,519189.6800037011,200000.0,1100000.0,1.014523418071174,3098218.0177047034,3098218.0177047034,329.4038381387664,True
no_change_limit,generator_period_mean,Oracle,C07,Retargeting,292829.7437260274,329159.60116309853,329159.60116309853,150000.0,600000.0,1.0144391195793419,3407306.1694614883,3407306.1694614883,329.40383813876684,True
no_change_limit,generator_period_mean,Oracle,C08,Competitor,392659.6517808219,404579.2719108983,404579.2719108983,150000.0,900000.0,1.0144869150836244,2475710.6152340234,2475710.6152340234,329.4038381387669,True
no_change_limit,generator_period_mean,Oracle,C09,Prospecting,693340.0916986301,737168.4463090878,737168.4463090878,300000.0,1800000.0,1.0144110622623457,5067973.9003910385,5067973.9003910385,329.40383813872415,True
no_change_limit,generator_period_mean,Oracle,C10,Seasonal,490095.6614246575,634201.221708311,634201.221708311,200000.0,1300000.0,1.014280187761623,4916021.1718772035,4916021.1718772035,329.4038381387661,True
no_change_limit,generator_period_mean,Oracle,C11,New Product Launch,593839.0018630137,636524.5333217916,636524.5333217916,250000.0,1500000.0,1.014258954876346,4235682.747588974,4235682.747588974,329.40383813876645,True
no_change_limit,generator_period_mean,Oracle,C12,Low Efficiency Legacy,294726.3729863014,100000.0,100000.0,100000.0,500000.0,1.0143227556288463,282574.1383793072,282574.1383793072,261.91070593175783,False
no_change_limit,base_no_seasonality,Current,C01,Brand Search Core,491070.40695890406,491070.40695890406,408218.21814619954,250000.0,900000.0,1.0,4345483.9422878325,4123505.884047353,218.16770770184007,True
no_change_limit,base_no_seasonality,Current,C02,Brand Search Expansion,344741.2209041096,344741.2209041096,342915.1955499102,150000.0,700000.0,1.0,2394114.8769048923,2388207.060856825,322.35404923804316,True
no_change_limit,base_no_seasonality,Current,C03,Generic Search High Intent,636779.9615616439,636779.9615616439,634434.3204627297,300000.0,1400000.0,1.0,5258681.30674823,5251087.785933577,322.7428602454603,True
no_change_limit,base_no_seasonality,Current,C04,Generic Search Mid Intent,540693.3946027397,540693.3946027397,554595.856396563,250000.0,1300000.0,1.0,3478171.694944947,3524012.8379214983,334.80222711211167,True
no_change_limit,base_no_seasonality,Current,C05,Shopping Best Seller,781135.442328767,781135.442328767,692441.1548073689,400000.0,1600000.0,1.0,6853459.917014784,6597343.79386196,255.56582240600844,True
no_change_limit,base_no_seasonality,Current,C06,Shopping Long Tail,441614.8448493151,441614.8448493151,519147.26642785507,200000.0,1100000.0,1.0,2780311.8699109196,3053727.7349653807,382.13450731870677,True
no_change_limit,base_no_seasonality,Current,C07,Retargeting,292829.7437260274,292829.7437260274,329158.60560628714,150000.0,600000.0,1.0,3226994.5889796102,3358804.707237882,403.8032466122339,True
no_change_limit,base_no_seasonality,Current,C08,Competitor,392659.6517808219,392659.651780822,404560.31211331766,150000.0,900000.0,1.0,2401001.2656273,2440295.8012240333,335.7196456243561,True
no_change_limit,base_no_seasonality,Current,C09,Prospecting,693340.0916986301,693340.0916986301,737180.4935319175,300000.0,1800000.0,1.0,4847890.764714834,4996015.690791505,351.3796623513298,True
no_change_limit,base_no_seasonality,Current,C10,Seasonal,490095.6614246575,490095.6614246575,634264.0169495892,200000.0,1300000.0,1.0,4287675.1427206965,4847011.768094707,458.95796574703286,True
no_change_limit,base_no_seasonality,Current,C11,New Product Launch,593839.0018630137,593839.0018630137,636610.3546931942,250000.0,1500000.0,1.0,4031414.784254818,4176414.12171365,353.7170431490364,True
no_change_limit,base_no_seasonality,Current,C12,Low Efficiency Legacy,294726.3729863014,294726.3729863014,100000.0,100000.0,500000.0,1.0,714615.8525791995,278584.0471498844,192.8076221131201,True
no_change_limit,base_no_seasonality,Equal,C01,Brand Search Core,491070.40695890406,499460.482890411,408218.21814619954,250000.0,900000.0,1.0,4363424.695621506,4123505.884047353,209.55614610167697,True
no_change_limit,base_no_seasonality,Equal,C02,Brand Search Expansion,344741.2209041096,499460.482890411,342915.1955499102,150000.0,700000.0,1.0,2765991.483479856,2388207.060856825,173.60340660805755,False
no_change_limit,base_no_seasonality,Equal,C03,Generic Search High Intent,636779.9615616439,499460.482890411,634434.3204627297,300000.0,1400000.0,1.0,4726056.700570384,5251087.785933577,461.2252578517003,True
no_change_limit,base_no_seasonality,Equal,C04,Generic Search Mid Intent,540693.3946027397,499460.482890411,554595.856396563,250000.0,1300000.0,1.0,3333667.9225618434,3524012.8379214983,366.5930570363945,True
no_change_limit,base_no_seasonality,Equal,C05,Shopping Best Seller,781135.442328767,499460.482890411,692441.1548073689,400000.0,1600000.0,1.0,5774978.27298425,6597343.79386196,546.7558662942522,False
no_change_limit,base_no_seasonality,Equal,C06,Shopping Long Tail,441614.8448493151,499460.482890411,519147.26642785507,200000.0,1100000.0,1.0,2988461.5376258334,3053727.7349653807,338.423077098575,True
no_change_limit,base_no_seasonality,Equal,C07,Retargeting,292829.7437260274,499460.482890411,329158.60560628714,150000.0,600000.0,1.0,3705200.868111246,3358804.707237882,116.87947913325252,False
no_change_limit,base_no_seasonality,Equal,C08,Competitor,392659.6517808219,499460.482890411,404560.31211331766,150000.0,900000.0,1.0,2710908.840078232,2440295.8012240333,248.94552477809503,True
no_change_limit,base_no_seasonality,Equal,C09,Prospecting,693340.0916986301,499460.482890411,737180.4935319175,300000.0,1800000.0,1.0,4032640.149905732,4996015.690791505,498.12477301696833,True
no_change_limit,base_no_seasonality,Equal,C10,Seasonal,490095.6614246575,499460.482890411,634264.0169495892,200000.0,1300000.0,1.0,4330176.328483234,4847011.768094707,448.75768116402367,True
no_change_limit,base_no_seasonality,Equal,C11,New Product Launch,593839.0018630137,499460.482890411,636610.3546931942,250000.0,1500000.0,1.0,3663995.662476779,4176414.12171365,427.2008675046441,True
no_change_limit,base_no_seasonality,Equal,C12,Low Efficiency Legacy,294726.3729863014,499460.482890411,100000.0,100000.0,500000.0,1.0,1054502.0355572389,278584.0471498844,141.82469466641422,False
no_change_limit,base_no_seasonality,Historical_ROAS,C01,Brand Search Core,491070.40695890406,608526.0904762384,408218.21814619954,250000.0,900000.0,1.0,4541357.716407478,4123505.884047353,124.1482961244108,True
no_change_limit,base_no_seasonality,Historical_ROAS,C02,Brand Search Expansion,344741.2209041096,478942.0255087236,342915.1955499102,150000.0,700000.0,1.0,2728868.1520703277,2388207.060856825,188.45273917186896,True
no_change_limit,base_no_seasonality,Historical_ROAS,C03,Generic Search High Intent,636779.9615616439,582759.5865846256,634434.3204627297,300000.0,1400000.0,1.0,5071496.701457022,5251087.785933577,371.4108576211745,True
no_change_limit,base_no_seasonality,Historical_ROAS,C04,Generic Search Mid Intent,540693.3946027397,454488.4253448636,554595.856396563,250000.0,1300000.0,1.0,3160372.0010900716,3524012.8379214983,404.7181597601843,True
no_change_limit,base_no_seasonality,Historical_ROAS,C05,Shopping Best Seller,781135.442328767,618409.9784085158,692441.1548073689,400000.0,1600000.0,1.0,6331242.519516438,6597343.79386196,396.5645197305617,True
no_change_limit,base_no_seasonality,Historical_ROAS,C06,Shopping Long Tail,441614.8448493151,444146.9899678372,519147.26642785507,200000.0,1100000.0,1.0,2789962.3891036464,3053727.7349653807,380.1078982882342,True
no_change_limit,base_no_seasonality,Historical_ROAS,C07,Retargeting,292829.7437260274,600000.0,329158.60560628714,150000.0,600000.0,1.0,3793437.482455559,3358804.707237882,63.937510526664596,False
no_change_limit,base_no_seasonality,Historical_ROAS,C08,Competitor,392659.6517808219,428436.8903925112,404560.31211331766,150000.0,900000.0,1.0,2515292.297193627,2440295.8012240333,303.7181567857845,True
no_change_limit,base_no_seasonality,Historical_ROAS,C09,Prospecting,693340.0916986301,501850.01464645047,737180.4935319175,300000.0,1800000.0,1.0,4044517.438189129,4996015.690791505,495.9868611259569,True
no_change_limit,base_no_seasonality,Historical_ROAS,C10,Seasonal,490095.6614246575,621219.8928692711,634264.0169495892,200000.0,1300000.0,1.0,4803985.279347225,4847011.768094707,335.04353295666596,True
no_change_limit,base_no_seasonality,Historical_ROAS,C11,New Product Launch,593839.0018630137,480995.281292786,636610.3546931942,250000.0,1500000.0,1.0,3583637.463590663,4176414.12171365,443.2725072818673,True
no_change_limit,base_no_seasonality,Historical_ROAS,C12,Low Efficiency Legacy,294726.3729863014,173750.61919310878,100000.0,100000.0,500000.0,1.0,458861.7731397541,278584.0471498844,231.17073402903685,False
no_change_limit,base_no_seasonality,Gurobi_Optimized,C01,Brand Search Core,491070.40695890406,626315.7894736842,408218.21814619954,250000.0,900000.0,1.0,4562526.649817148,4123505.884047353,113.98720808776908,True
no_change_limit,base_no_seasonality,Gurobi_Optimized,C02,Brand Search Expansion,344741.2209041096,294736.842105263,342915.1955499102,150000.0,700000.0,1.0,2215672.4473529644,2388207.060856825,393.73102105881424,True
no_change_limit,base_no_seasonality,Gurobi_Optimized,C03,Generic Search High Intent,636779.9615616439,763157.8947368409,634434.3204627297,300000.0,1400000.0,1.0,5606320.750418001,5251087.785933577,232.35660489131993,True
no_change_limit,base_no_seasonality,Gurobi_Optimized,C04,Generic Search Mid Intent,540693.3946027397,415789.4736842106,554595.856396563,250000.0,1300000.0,1.0,2996889.804637657,3524012.8379214983,440.6842429797155,True
no_change_limit,base_no_seasonality,Gurobi_Optimized,C05,Shopping Best Seller,781135.442328767,1022473.163105986,692441.1548073689,400000.0,1600000.0,1.0,7306658.578794311,6597343.79386196,133.20218372553595,True
no_change_limit,base_no_seasonality,Gurobi_Optimized,C06,Shopping Long Tail,441614.8448493151,342105.26315789483,519147.26642785507,200000.0,1100000.0,1.0,2357401.4715514155,3053727.7349653807,470.9456909742026,True
no_change_limit,base_no_seasonality,Gurobi_Optimized,C07,Retargeting,292829.7437260274,434210.5263157895,329158.60560628714,150000.0,600000.0,1.0,3611853.6029070104,3358804.707237882,172.88783825579375,True
no_change_limit,base_no_seasonality,Gurobi_Optimized,C08,Competitor,392659.6517808219,268421.052631579,404560.31211331766,150000.0,900000.0,1.0,1902163.3224176792,2440295.8012240333,475.39426972304983,True
no_change_limit,base_no_seasonality,Gurobi_Optimized,C09,Prospecting,693340.0916986301,615789.4736842109,737180.4935319175,300000.0,1800000.0,1.0,4555457.847196967,4996015.690791505,404.0175875045459,True
no_change_limit,base_no_seasonality,Gurobi_Optimized,C10,Seasonal,490095.6614246575,663157.8947368413,634264.0169495892,200000.0,1300000.0,1.0,4937655.956441067,4847011.768094707,302.96257045414393,True
no_change_limit,base_no_seasonality,Gurobi_Optimized,C11,New Product Launch,593839.0018630137,447368.4210526316,636610.3546931942,250000.0,1500000.0,1.0,3429452.1815852923,4176414.12171365,474.1095636829415,True
no_change_limit,base_no_seasonality,Gurobi_Optimized,C12,Low Efficiency Legacy,294726.3729863014,100000.0,100000.0,100000.0,500000.0,1.0,278584.0471498844,278584.0471498844,258.2123929275173,False
no_change_limit,base_no_seasonality,Oracle,C01,Brand Search Core,491070.40695890406,408218.21814619954,408218.21814619954,250000.0,900000.0,1.0,4123505.884047353,4123505.884047353,324.71717565727056,True
no_change_limit,base_no_seasonality,Oracle,C02,Brand Search Expansion,344741.2209041096,342915.1955499102,342915.1955499102,150000.0,700000.0,1.0,2388207.060856825,2388207.060856825,324.7171756572699,True
no_change_limit,base_no_seasonality,Oracle,C03,Generic Search High Intent,636779.9615616439,634434.3204627297,634434.3204627297,300000.0,1400000.0,1.0,5251087.785933577,5251087.785933577,324.7171756572699,True
no_change_limit,base_no_seasonality,Oracle,C04,Generic Search Mid Intent,540693.3946027397,554595.856396563,554595.856396563,250000.0,1300000.0,1.0,3524012.8379214983,3524012.8379214983,324.7171756572703,True
no_change_limit,base_no_seasonality,Oracle,C05,Shopping Best Seller,781135.442328767,692441.1548073689,692441.1548073689,400000.0,1600000.0,1.0,6597343.79386196,6597343.79386196,324.7171756572709,True
no_change_limit,base_no_seasonality,Oracle,C06,Shopping Long Tail,441614.8448493151,519147.26642785507,519147.26642785507,200000.0,1100000.0,1.0,3053727.7349653807,3053727.7349653807,324.71717565726993,True
no_change_limit,base_no_seasonality,Oracle,C07,Retargeting,292829.7437260274,329158.60560628714,329158.60560628714,150000.0,600000.0,1.0,3358804.707237882,3358804.707237882,324.7171756572706,True
no_change_limit,base_no_seasonality,Oracle,C08,Competitor,392659.6517808219,404560.31211331766,404560.31211331766,150000.0,900000.0,1.0,2440295.8012240333,2440295.8012240333,324.7171756572707,True
no_change_limit,base_no_seasonality,Oracle,C09,Prospecting,693340.0916986301,737180.4935319175,737180.4935319175,300000.0,1800000.0,1.0,4996015.690791505,4996015.690791505,324.717175657529,True
no_change_limit,base_no_seasonality,Oracle,C10,Seasonal,490095.6614246575,634264.0169495892,634264.0169495892,200000.0,1300000.0,1.0,4847011.768094707,4847011.768094707,324.71717565727016,True
no_change_limit,base_no_seasonality,Oracle,C11,New Product Launch,593839.0018630137,636610.3546931942,636610.3546931942,250000.0,1500000.0,1.0,4176414.12171365,4176414.12171365,324.7171756572699,True
no_change_limit,base_no_seasonality,Oracle,C12,Low Efficiency Legacy,294726.3729863014,100000.0,100000.0,100000.0,500000.0,1.0,278584.0471498844,278584.0471498844,258.2123929275173,False
change30,generator_period_mean,Current,C01,Brand Search Core,491070.40695890406,491070.40695890406,402861.9143677248,343749.2848712328,638391.5290465753,1.0144001685195085,4408059.643355596,4165013.0023289733,221.3093594582614,True
change30,generator_period_mean,Current,C02,Brand Search Expansion,344741.2209041096,344741.2209041096,336493.64266702445,241318.8546328767,448163.5871753425,1.0144245616930967,2428648.9346471676,2401229.2295403103,327.0038651082969,True
change30,generator_period_mean,Current,C03,Generic Search High Intent,636779.9615616439,636779.9615616439,624585.2795202507,445745.9730931507,827813.9500301371,1.0145044052024954,5334955.351252094,5294387.298619915,327.4240534666727,True
change30,generator_period_mean,Current,C04,Generic Search Mid Intent,540693.3946027397,540693.3946027397,542966.9191406162,378485.3762219178,702901.4129835616,1.01452859582837,3528704.6457224786,3536407.764818941,339.6664333522617,True
change30,generator_period_mean,Current,C05,Shopping Best Seller,781135.442328767,781135.442328767,682968.1355489739,546794.8096301369,1015476.0750273971,1.0145352003959394,6953076.330314131,6661627.351417807,259.2805228490328,True
change30,generator_period_mean,Current,C06,Shopping Long Tail,441614.8448493151,441614.8448493151,506962.13995879266,309130.3913945206,574099.2983041097,1.014523418071174,2820691.5015658834,3057418.4509795923,387.68440652791844,True
change30,generator_period_mean,Current,C07,Retargeting,292829.7437260274,292829.7437260274,324879.9621473806,204980.82060821916,380678.6668438356,1.0144391195793419,3273589.549731776,3393026.3211076995,409.6338099765944,True
change30,generator_period_mean,Current,C08,Competitor,392659.6517808219,392659.651780822,395408.6168772169,274861.7562465753,510457.5473150685,1.0144869150836244,2435784.367078117,2445110.94019019,340.58318762242055,True
change30,generator_period_mean,Current,C09,Prospecting,693340.0916986301,693340.0916986301,722902.9829232895,485338.06418904103,901342.1192082192,1.0144110622623457,4917754.020366191,5020374.405878172,356.4434165431968,True
change30,generator_period_mean,Current,C10,Seasonal,490095.6614246575,490095.6614246575,623502.1241686128,343066.9629972602,637124.3598520547,1.014280187761623,4348903.948819592,4880321.5509913685,465.511971672593,True
change30,generator_period_mean,Current,C11,New Product Launch,593839.0018630137,593839.0018630137,623685.6162746376,415687.30130410957,771990.7024219178,1.014258954876346,4088898.545751342,4192843.202527608,358.76067850629306,True
change30,generator_period_mean,Current,C12,Low Efficiency Legacy,294726.3729863014,294726.3729863014,206308.46109041094,206308.46109041094,383144.2848821918,1.0143227556288463,724851.120804191,539941.957752367,195.56915856802527,True
change30,generator_period_mean,Equal,C01,Brand Search Core,491070.40695890406,515764.3649701094,402861.9143677248,343749.2848712328,638391.5290465753,1.0144001685195085,4459595.0863365745,4165013.0023289733,196.57234682739184,True
change30,generator_period_mean,Equal,C02,Brand Search Expansion,344741.2209041096,448163.5871753425,336493.64266702445,241318.8546328767,448163.5871753425,1.0144245616930967,2705616.1013993635,2401229.2295403103,216.2169984074186,True
change30,generator_period_mean,Equal,C03,Generic Search High Intent,636779.9615616439,537993.5275684792,624585.2795202507,445745.9730931507,827813.9500301371,1.0145044052024954,4966169.61903,5294387.298619915,423.3083438444173,True
change30,generator_period_mean,Equal,C04,Generic Search Mid Intent,540693.3946027397,523334.7502064045,542966.9191406162,378485.3762219178,702901.4129835616,1.01452859582837,3468602.84730187,3536407.764818941,352.88882900479564,True
change30,generator_period_mean,Equal,C05,Shopping Best Seller,781135.442328767,601795.6485024766,682968.1355489739,546794.8096301369,1015476.0750273971,1.0145352003959394,6354902.24261185,6661627.351417807,420.78752652864875,True
change30,generator_period_mean,Equal,C06,Shopping Long Tail,441614.8448493151,508219.5218434861,506962.13995879266,309130.3913945206,574099.2983041097,1.014523418071174,3061662.44090595,3057418.4509795923,337.0805092665046,True
change30,generator_period_mean,Equal,C07,Retargeting,292829.7437260274,380678.6668438356,324879.9621473806,204980.82060821916,380678.6668438356,1.0144391195793419,3553288.7333150245,3393026.3211076995,241.81429982664545,True
change30,generator_period_mean,Equal,C08,Competitor,392659.6517808219,500751.0140320317,395408.6168772169,274861.7562465753,510457.5473150685,1.0144869150836244,2753434.9265975873,2445110.94019019,251.641030956969,True
change30,generator_period_mean,Equal,C09,Prospecting,693340.0916986301,546622.2295971682,722902.9829232895,485338.06418904103,901342.1192082192,1.0144110622623457,4319229.690565923,5020374.405878172,464.177795907245,True
change30,generator_period_mean,Equal,C10,Seasonal,490095.6614246575,515615.65971168026,623502.1241686128,343066.9629972602,637124.3598520547,1.014280187761623,4464137.65820784,4880321.5509913685,437.85588141941344,True
change30,generator_period_mean,Equal,C11,New Product Launch,593839.0018630137,531442.5393517261,623685.6162746376,415687.30130410957,771990.7024219178,1.014258954876346,3850477.265381967,4192843.202527608,406.444934580168,True
change30,generator_period_mean,Equal,C12,Low Efficiency Legacy,294726.3729863014,383144.2848821918,206308.46109041094,206308.46109041094,383144.2848821918,1.0143227556288463,886793.052737356,539941.957752367,171.2778687780505,True
change30,generator_period_mean,Historical_ROAS,C01,Brand Search Core,491070.40695890406,608451.7698028474,402861.9143677248,343749.2848712328,638391.5290465753,1.0144001685195085,4606660.419612086,4165013.0023289733,125.98098685514594,True
change30,generator_period_mean,Historical_ROAS,C02,Brand Search Expansion,344741.2209041096,448163.5871753425,336493.64266702445,241318.8546328767,448163.5871753425,1.0144245616930967,2705616.1013993635,2401229.2295403103,216.2169984074186,True
change30,generator_period_mean,Historical_ROAS,C03,Generic Search High Intent,636779.9615616439,608902.559752375,624585.2795202507,445745.9730931507,827813.9500301371,1.0145044052024954,5240288.694581532,5294387.298619915,352.03738420101894,True
change30,generator_period_mean,Historical_ROAS,C04,Generic Search Mid Intent,540693.3946027397,480699.6356274785,542966.9191406162,378485.3762219178,702901.4129835616,1.01452859582837,3310866.292249633,3536407.764818941,387.5908711162879,True
change30,generator_period_mean,Historical_ROAS,C05,Shopping Best Seller,781135.442328767,666591.555194132,682968.1355489739,546794.8096301369,1015476.0750273971,1.0145352003959394,6605037.240546084,6661627.351417807,353.2510770864057,True
change30,generator_period_mean,Historical_ROAS,C06,Shopping Long Tail,441614.8448493151,454230.2693846518,506962.13995879266,309130.3913945206,574099.2983041097,1.014523418071174,2868957.3732178393,3057418.4509795923,377.54857348100785,True
change30,generator_period_mean,Historical_ROAS,C07,Retargeting,292829.7437260274,380678.6668438356,324879.9621473806,204980.82060821916,380678.6668438356,1.0144391195793419,3553288.7333150245,3393026.3211076995,241.81429982664545,True
change30,generator_period_mean,Historical_ROAS,C08,Competitor,392659.6517808219,433822.0226847781,395408.6168772169,274861.7562465753,510457.5473150685,1.0144869150836244,2568199.2221367327,2445110.94019019,303.5070282060083,True
change30,generator_period_mean,Historical_ROAS,C09,Prospecting,693340.0916986301,553292.8824247876,722902.9829232895,485338.06418904103,901342.1192082192,1.0144110622623457,4350008.228404002,5020374.405878172,458.6376590963907,True
change30,generator_period_mean,Historical_ROAS,C10,Seasonal,490095.6614246575,612283.715565192,623502.1241686128,343066.9629972602,637124.3598520547,1.014280187761623,4841891.471739588,4880321.5509913685,347.19496617179385,True
change30,generator_period_mean,Historical_ROAS,C11,New Product Launch,593839.0018630137,511214.301041595,623685.6162746376,415687.30130410957,771990.7024219178,1.014258954876346,3766574.8610478635,4192843.202527608,423.2254154469887,True
change30,generator_period_mean,Historical_ROAS,C12,Low Efficiency Legacy,294726.3729863014,235194.8291879166,206308.46109041094,206308.46109041094,383144.2848821918,1.0143227556288463,603069.3000423228,539941.957752367,213.83643168230552,True
change30,generator_period_mean,Gurobi_Optimized,C01,Brand Search Core,491070.40695890406,626315.7894736842,402861.9143677248,343749.2848712328,638391.5290465753,1.0144001685195085,4628227.802449263,4165013.0023289733,115.62864309330124,True
change30,generator_period_mean,Gurobi_Optimized,C02,Brand Search Expansion,344741.2209041096,294736.842105263,336493.64266702445,241318.8546328767,448163.5871753425,1.0144245616930967,2247632.551261502,2401229.2295403103,399.41041846256314,True
change30,generator_period_mean,Gurobi_Optimized,C03,Generic Search High Intent,636779.9615616439,763157.8947368409,624585.2795202507,445745.9730931507,827813.9500301371,1.0145044052024954,5687637.098277221,5294387.298619915,235.72679924013974,True
change30,generator_period_mean,Gurobi_Optimized,C04,Generic Search Mid Intent,540693.3946027397,415789.4736842106,542966.9191406162,378485.3762219178,702901.4129835616,1.01452859582837,3040430.4053514,3536407.764818941,447.0867662338991,True
change30,generator_period_mean,Gurobi_Optimized,C05,Shopping Best Seller,781135.442328767,989289.3927573191,682968.1355489739,546794.8096301369,1015476.0750273971,1.0145352003959394,7365948.050444645,6661627.351417807,147.80515841379423,True
change30,generator_period_mean,Gurobi_Optimized,C06,Shopping Long Tail,441614.8448493151,342105.26315789483,506962.13995879266,309130.3913945206,574099.2983041097,1.014523418071174,2391638.998684358,3057418.4509795923,477.78543213303885,True
change30,generator_period_mean,Gurobi_Optimized,C07,Retargeting,292829.7437260274,380678.6668438356,324879.9621473806,204980.82060821916,380678.6668438356,1.0144391195793419,3553288.7333150245,3393026.3211076995,241.81429982664545,True
change30,generator_period_mean,Gurobi_Optimized,C08,Competitor,392659.6517808219,274861.7562465753,395408.6168772169,274861.7562465753,510457.5473150685,1.0144869150836244,1960503.6956678124,2445110.94019019,473.6617756173059,True
change30,generator_period_mean,Gurobi_Optimized,C09,Prospecting,693340.0916986301,615789.4736842109,722902.9829232895,485338.06418904103,901342.1192082192,1.0144110622623457,4621106.833866415,5020374.405878172,409.8399101131566,True
change30,generator_period_mean,Gurobi_Optimized,C10,Seasonal,490095.6614246575,637124.3598520547,623502.1241686128,343066.9629972602,637124.3598520547,1.014280187761623,4925616.403935642,4880321.5509913685,327.1009824447409,True
change30,generator_period_mean,Gurobi_Optimized,C11,New Product Launch,593839.0018630137,447368.4210526316,623685.6162746376,415687.30130410957,771990.7024219178,1.014258954876346,3478352.5854931036,4192843.202527608,480.8698705579407,True
change30,generator_period_mean,Gurobi_Optimized,C12,Low Efficiency Legacy,294726.3729863014,206308.4610904109,206308.46109041094,206308.46109041094,383144.2848821918,1.0143227556288463,539941.957752367,539941.957752367,223.30553302579887,False
change30,generator_period_mean,Oracle,C01,Brand Search Core,491070.40695890406,402861.9143677248,402861.9143677248,343749.2848712328,638391.5290465753,1.0144001685195085,4165013.0023289733,4165013.0023289733,337.9717471510402,True
change30,generator_period_mean,Oracle,C02,Brand Search Expansion,344741.2209041096,336493.64266702445,336493.64266702445,241318.8546328767,448163.5871753425,1.0144245616930967,2401229.2295403103,2401229.2295403103,337.97174715103984,True
change30,generator_period_mean,Oracle,C03,Generic Search High Intent,636779.9615616439,624585.2795202507,624585.2795202507,445745.9730931507,827813.9500301371,1.0145044052024954,5294387.298619915,5294387.298619915,337.97174715103944,True
change30,generator_period_mean,Oracle,C04,Generic Search Mid Intent,540693.3946027397,542966.9191406162,542966.9191406162,378485.3762219178,702901.4129835616,1.01452859582837,3536407.764818941,3536407.764818941,337.97174715104006,True
change30,generator_period_mean,Oracle,C05,Shopping Best Seller,781135.442328767,682968.1355489739,682968.1355489739,546794.8096301369,1015476.0750273971,1.0145352003959394,6661627.351417807,6661627.351417807,337.9717471510402,True
change30,generator_period_mean,Oracle,C06,Shopping Long Tail,441614.8448493151,506962.13995879266,506962.13995879266,309130.3913945206,574099.2983041097,1.014523418071174,3057418.4509795923,3057418.4509795923,337.97174715103984,True
change30,generator_period_mean,Oracle,C07,Retargeting,292829.7437260274,324879.9621473806,324879.9621473806,204980.82060821916,380678.6668438356,1.0144391195793419,3393026.3211076995,3393026.3211076995,337.97174715104023,True
change30,generator_period_mean,Oracle,C08,Competitor,392659.6517808219,395408.6168772169,395408.6168772169,274861.7562465753,510457.5473150685,1.0144869150836244,2445110.94019019,2445110.94019019,337.97174715104023,True
change30,generator_period_mean,Oracle,C09,Prospecting,693340.0916986301,722902.9829232895,722902.9829232895,485338.06418904103,901342.1192082192,1.0144110622623457,5020374.405878172,5020374.405878172,337.9717471510401,True
change30,generator_period_mean,Oracle,C10,Seasonal,490095.6614246575,623502.1241686128,623502.1241686128,343066.9629972602,637124.3598520547,1.014280187761623,4880321.5509913685,4880321.5509913685,337.97174715136657,True
change30,generator_period_mean,Oracle,C11,New Product Launch,593839.0018630137,623685.6162746376,623685.6162746376,415687.30130410957,771990.7024219178,1.014258954876346,4192843.202527608,4192843.202527608,337.97174715103984,True
change30,generator_period_mean,Oracle,C12,Low Efficiency Legacy,294726.3729863014,206308.46109041094,206308.46109041094,206308.46109041094,383144.2848821918,1.0143227556288463,539941.957752367,539941.957752367,223.30553302579887,False
change30,base_no_seasonality,Current,C01,Brand Search Core,491070.40695890406,491070.40695890406,402868.6693765115,343749.2848712328,638391.5290465753,1.0,4345483.9422878325,4105910.0355423233,218.16770770184007,True
change30,base_no_seasonality,Current,C02,Brand Search Expansion,344741.2209041096,344741.2209041096,336495.73702628457,241318.8546328767,448163.5871753425,1.0,2394114.8769048923,2367092.042650789,322.35404923804316,True
change30,base_no_seasonality,Current,C03,Generic Search High Intent,636779.9615616439,636779.9615616439,624558.2304263826,445745.9730931507,827813.9500301371,1.0,5258681.30674823,5218603.142539676,322.7428602454603,True
change30,base_no_seasonality,Current,C04,Generic Search Mid Intent,540693.3946027397,540693.3946027397,542924.1136263346,378485.3762219178,702901.4129835616,1.0,3478171.694944947,3485621.895728706,334.80222711211167,True
change30,base_no_seasonality,Current,C05,Shopping Best Seller,781135.442328767,781135.442328767,682930.8458834791,546794.8096301369,1015476.0750273971,1.0,6853459.917014784,6566062.285408574,255.56582240600844,True
change30,base_no_seasonality,Current,C06,Shopping Long Tail,441614.8448493151,441614.8448493151,506919.72638285387,309130.3913945206,574099.2983041097,1.0,2780311.8699109196,3013508.6526681692,382.13450731870677,True
change30,base_no_seasonality,Current,C07,Retargeting,292829.7437260274,292829.7437260274,324878.9665905367,204980.82060821916,380678.6668438356,1.0,3226994.5889796102,3344728.0284338584,403.8032466122339,True
change30,base_no_seasonality,Current,C08,Competitor,392659.6517808219,392659.651780822,395389.6570795668,274861.7562465753,510457.5473150685,1.0,2401001.2656273,2410131.4895011247,335.7196456243561,True
change30,base_no_seasonality,Current,C09,Prospecting,693340.0916986301,693340.0916986301,722915.0301465251,485338.06418904103,901342.1192082192,1.0,4847890.764714834,4949093.428112863,351.3796623513298,True
change30,base_no_seasonality,Current,C10,Seasonal,490095.6614246575,490095.6614246575,623564.9194101032,343066.9629972602,637124.3598520547,1.0,4287675.1427206965,4811820.071084281,458.95796574703286,True
change30,base_no_seasonality,Current,C11,New Product Launch,593839.0018630137,593839.0018630137,623771.4376459429,415687.30130410957,771990.7024219178,1.0,4031414.784254818,4134184.085301579,353.7170431490364,True
change30,base_no_seasonality,Current,C12,Low Efficiency Legacy,294726.3729863014,294726.3729863014,206308.46109041094,206308.46109041094,383144.2848821918,1.0,714615.8525791995,532317.7013983296,192.8076221131201,True
change30,base_no_seasonality,Equal,C01,Brand Search Core,491070.40695890406,515764.3649701094,402868.6693765115,343749.2848712328,638391.5290465753,1.0,4396287.8011399,4105910.0355423233,193.78185545284782,True
change30,base_no_seasonality,Equal,C02,Brand Search Expansion,344741.2209041096,448163.5871753425,336495.73702628457,241318.8546328767,448163.5871753425,1.0,2667143.7222336484,2367092.042650789,213.14251110654072,True
change30,base_no_seasonality,Equal,C03,Generic Search High Intent,636779.9615616439,537993.5275684792,624558.2304263826,445745.9730931507,827813.9500301371,1.0,4895168.117124883,5218603.142539676,417.2562895475303,True
change30,base_no_seasonality,Equal,C04,Generic Search Mid Intent,540693.3946027397,523334.7502064045,542924.1136263346,378485.3762219178,702901.4129835616,1.0,3418930.5866432777,3485621.895728706,347.83527093847886,True
change30,base_no_seasonality,Equal,C05,Shopping Best Seller,781135.442328767,601795.6485024766,682930.8458834791,546794.8096301369,1015476.0750273971,1.0,6263855.842687118,6566062.285408574,414.75892247447837,True
change30,base_no_seasonality,Equal,C06,Shopping Long Tail,441614.8448493151,508219.5218434861,506919.72638285387,309130.3913945206,574099.2983041097,1.0,3017833.187849744,3013508.6526681692,332.25503055155366,True
change30,base_no_seasonality,Equal,C07,Retargeting,292829.7437260274,380678.6668438356,324878.9665905367,204980.82060821916,380678.6668438356,1.0,3502712.6465592817,3344728.0284338584,238.37241206443102,True
change30,base_no_seasonality,Equal,C08,Competitor,392659.6517808219,500751.0140320317,395389.6570795668,274861.7562465753,510457.5473150685,1.0,2714115.76202599,2410131.4895011247,248.04758663272278,True
change30,base_no_seasonality,Equal,C09,Prospecting,693340.0916986301,546622.2295971682,722915.0301465251,485338.06418904103,901342.1192082192,1.0,4257869.271390979,4949093.428112863,457.5835311496238,True
change30,base_no_seasonality,Equal,C10,Seasonal,490095.6614246575,515615.65971168026,623564.9194101032,343066.9629972602,637124.3598520547,1.0,4401286.46114993,4811820.071084281,431.69124932401684,True
change30,base_no_seasonality,Equal,C11,New Product Launch,593839.0018630137,531442.5393517261,623771.4376459429,415687.30130410957,771990.7024219178,1.0,3796345.3483646098,4134184.085301579,400.730930327078,True
change30,base_no_seasonality,Equal,C12,Low Efficiency Legacy,294726.3729863014,383144.2848821918,206308.46109041094,206308.46109041094,383144.2848821918,1.0,874271.081681071,532317.7013983296,168.8593377478394,True
change30,base_no_seasonality,Historical_ROAS,C01,Brand Search Core,491070.40695890406,608451.7698028474,402868.6693765115,343749.2848712328,638391.5290465753,1.0,4541265.432098056,4105910.0355423233,124.19259259293305,True
change30,base_no_seasonality,Historical_ROAS,C02,Brand Search Expansion,344741.2209041096,448163.5871753425,336495.73702628457,241318.8546328767,448163.5871753425,1.0,2667143.7222336484,2367092.042650789,213.14251110654072,True
change30,base_no_seasonality,Historical_ROAS,C03,Generic Search High Intent,636779.9615616439,608902.559752375,624558.2304263826,445745.9730931507,827813.9500301371,1.0,5165368.102601357,5218603.142539676,347.00429332364723,True
change30,base_no_seasonality,Historical_ROAS,C04,Generic Search Mid Intent,540693.3946027397,480699.6356274785,542924.1136263346,378485.3762219178,702901.4129835616,1.0,3263452.9040024607,3485621.895728706,382.04036111945874,True
change30,base_no_seasonality,Historical_ROAS,C05,Shopping Best Seller,781135.442328767,666591.555194132,682930.8458834791,546794.8096301369,1015476.0750273971,1.0,6510407.167704342,6566062.285408574,348.1900647198279,True
change30,base_no_seasonality,Historical_ROAS,C06,Shopping Long Tail,441614.8448493151,454230.2693846518,506919.72638285387,309130.3913945206,574099.2983041097,1.0,2827886.791092847,3013508.6526681692,372.143773870502,True
change30,base_no_seasonality,Historical_ROAS,C07,Retargeting,292829.7437260274,380678.6668438356,324878.9665905367,204980.82060821916,380678.6668438356,1.0,3502712.6465592817,3344728.0284338584,238.37241206443102,True
change30,base_no_seasonality,Historical_ROAS,C08,Competitor,392659.6517808219,433822.0226847781,395389.6570795668,274861.7562465753,510457.5473150685,1.0,2531525.2310819947,2410131.4895011247,299.17293529704136,True
change30,base_no_seasonality,Historical_ROAS,C09,Prospecting,693340.0916986301,553292.8824247876,722915.0301465251,485338.06418904103,901342.1192082192,1.0,4288210.559043577,4949093.428112863,452.1220993721561,True
change30,base_no_seasonality,Historical_ROAS,C10,Seasonal,490095.6614246575,612283.715565192,623564.9194101032,343066.9629972602,637124.3598520547,1.0,4773721.827718017,4811820.071084281,342.30676134767594,True
change30,base_no_seasonality,Historical_ROAS,C11,New Product Launch,593839.0018630137,511214.301041595,623771.4376459429,415687.30130410957,771990.7024219178,1.0,3713622.4855979383,4134184.085301579,417.2755028804123,True
change30,base_no_seasonality,Historical_ROAS,C12,Low Efficiency Legacy,294726.3729863014,235194.8291879166,206308.46109041094,206308.46109041094,383144.2848821918,1.0,594553.653357052,532317.7013983296,210.81695199644219,True
change30,base_no_seasonality,Gurobi_Optimized,C01,Brand Search Core,491070.40695890406,626315.7894736842,402868.6693765115,343749.2848712328,638391.5290465753,1.0,4562526.649817148,4105910.0355423233,113.98720808776908,True
change30,base_no_seasonality,Gurobi_Optimized,C02,Brand Search Expansion,344741.2209041096,294736.842105263,336495.73702628457,241318.8546328767,448163.5871753425,1.0,2215672.4473529644,2367092.042650789,393.73102105881424,True
change30,base_no_seasonality,Gurobi_Optimized,C03,Generic Search High Intent,636779.9615616439,763157.8947368409,624558.2304263826,445745.9730931507,827813.9500301371,1.0,5606320.750418001,5218603.142539676,232.35660489131993,True
change30,base_no_seasonality,Gurobi_Optimized,C04,Generic Search Mid Intent,540693.3946027397,415789.4736842106,542924.1136263346,378485.3762219178,702901.4129835616,1.0,2996889.804637657,3485621.895728706,440.6842429797155,True
change30,base_no_seasonality,Gurobi_Optimized,C05,Shopping Best Seller,781135.442328767,989289.3927573191,682930.8458834791,546794.8096301369,1015476.0750273971,1.0,7260416.442495007,6566062.285408574,145.68756052634822,True
change30,base_no_seasonality,Gurobi_Optimized,C06,Shopping Long Tail,441614.8448493151,342105.26315789483,506919.72638285387,309130.3913945206,574099.2983041097,1.0,2357401.4715514155,3013508.6526681692,470.9456909742026,True
change30,base_no_seasonality,Gurobi_Optimized,C07,Retargeting,292829.7437260274,380678.6668438356,324878.9665905367,204980.82060821916,380678.6668438356,1.0,3502712.6465592817,3344728.0284338584,238.37241206443102,True
change30,base_no_seasonality,Gurobi_Optimized,C08,Competitor,392659.6517808219,274861.7562465753,395389.6570795668,274861.7562465753,510457.5473150685,1.0,1932507.6218515914,2410131.4895011247,466.8978658815544,True
change30,base_no_seasonality,Gurobi_Optimized,C09,Prospecting,693340.0916986301,615789.4736842109,722915.0301465251,485338.06418904103,901342.1192082192,1.0,4555457.847196967,4949093.428112863,404.0175875045459,True
change30,base_no_seasonality,Gurobi_Optimized,C10,Seasonal,490095.6614246575,637124.3598520547,623564.9194101032,343066.9629972602,637124.3598520547,1.0,4856267.985285014,4811820.071084281,322.49568353159674,True
change30,base_no_seasonality,Gurobi_Optimized,C11,New Product Launch,593839.0018630137,447368.4210526316,623771.4376459429,415687.30130410957,771990.7024219178,1.0,3429452.1815852923,4134184.085301579,474.1095636829415,True
change30,base_no_seasonality,Gurobi_Optimized,C12,Low Efficiency Legacy,294726.3729863014,206308.4610904109,206308.46109041094,206308.46109041094,383144.2848821918,1.0,532317.7013983296,532317.7013983296,220.15234479025057,False
change30,base_no_seasonality,Oracle,C01,Brand Search Core,491070.40695890406,402868.6693765115,402868.6693765115,343749.2848712328,638391.5290465753,1.0,4105910.0355423233,4105910.0355423233,333.163182939685,True
change30,base_no_seasonality,Oracle,C02,Brand Search Expansion,344741.2209041096,336495.73702628457,336495.73702628457,241318.8546328767,448163.5871753425,1.0,2367092.042650789,2367092.042650789,333.16318293968425,True
change30,base_no_seasonality,Oracle,C03,Generic Search High Intent,636779.9615616439,624558.2304263826,624558.2304263826,445745.9730931507,827813.9500301371,1.0,5218603.142539676,5218603.142539676,333.1631829396842,True
change30,base_no_seasonality,Oracle,C04,Generic Search Mid Intent,540693.3946027397,542924.1136263346,542924.1136263346,378485.3762219178,702901.4129835616,1.0,3485621.895728706,3485621.895728706,333.16318293968465,True
change30,base_no_seasonality,Oracle,C05,Shopping Best Seller,781135.442328767,682930.8458834791,682930.8458834791,546794.8096301369,1015476.0750273971,1.0,6566062.285408574,6566062.285408574,333.1631829396851,True
change30,base_no_seasonality,Oracle,C06,Shopping Long Tail,441614.8448493151,506919.72638285387,506919.72638285387,309130.3913945206,574099.2983041097,1.0,3013508.6526681692,3013508.6526681692,333.1631829396843,True
change30,base_no_seasonality,Oracle,C07,Retargeting,292829.7437260274,324878.9665905367,324878.9665905367,204980.82060821916,380678.6668438356,1.0,3344728.0284338584,3344728.0284338584,333.16318293968504,True
change30,base_no_seasonality,Oracle,C08,Competitor,392659.6517808219,395389.6570795668,395389.6570795668,274861.7562465753,510457.5473150685,1.0,2410131.4895011247,2410131.4895011247,333.1631829396851,True
change30,base_no_seasonality,Oracle,C09,Prospecting,693340.0916986301,722915.0301465251,722915.0301465251,485338.06418904103,901342.1192082192,1.0,4949093.428112863,4949093.428112863,333.1631829396848,True
change30,base_no_seasonality,Oracle,C10,Seasonal,490095.6614246575,623564.9194101032,623564.9194101032,343066.9629972602,637124.3598520547,1.0,4811820.071084281,4811820.071084281,333.16318293977247,True
change30,base_no_seasonality,Oracle,C11,New Product Launch,593839.0018630137,623771.4376459429,623771.4376459429,415687.30130410957,771990.7024219178,1.0,4134184.085301579,4134184.085301579,333.1631829396842,True
change30,base_no_seasonality,Oracle,C12,Low Efficiency Legacy,294726.3729863014,206308.46109041094,206308.46109041094,206308.46109041094,383144.2848821918,1.0,532317.7013983296,532317.7013983296,220.15234479025057,False
