scenario,environment,strategy,source_run,total_budget_krw,synthetic_expected_daily_revenue_krw,synthetic_expected_roas_pct,oracle_daily_revenue_krw,oracle_regret_krw,oracle_gap_pct,lift_vs_current_pct,budget_reallocation_to_oracle_krw,budget_reallocation_to_oracle_pct,is_feasible
no_change_limit,generator_period_mean,Current,demo_20260917T021008444832Z,5993525.794684932,45263917.95940856,755.2135339026768,45685052.52384329,421134.5644347295,0.9218213423634283,0.0,370389.02638243826,6.179818675526513,True
no_change_limit,generator_period_mean,Equal,demo_20260917T021008444832Z,5993525.794684933,44077133.088883035,735.4124199810853,45685052.52384329,1607919.4349602535,3.5195744475089987,-2.6219225467618568,912438.9770500849,15.223743224050812,True
no_change_limit,generator_period_mean,Historical_ROAS,demo_20260917T021008444832Z,5993525.794684931,44455582.154257424,741.7267177473517,45685052.52384329,1229470.3695858642,2.6911873833223607,-1.7858281863183612,704792.1881686118,11.759225075724586,True
no_change_limit,generator_period_mean,Gurobi_Optimized,demo_20260917T021008444832Z,5993525.794684933,44392354.739752896,740.67178920161,45685052.52384329,1292697.7840903923,2.8295858550577915,-1.925514314596577,810803.1683310459,13.52798329574334,True
no_change_limit,generator_period_mean,Oracle,demo_20260917T021008444832Z,5993525.794684933,45685052.52384329,762.240025134402,45685052.52384329,0.0,0.0,0.9303979492283343,0.0,0.0,True
no_change_limit,base_no_seasonality,Current,demo_20260917T021008444832Z,5993525.794684932,44619816.006688066,744.4669053774156,45035011.23379825,415195.2271101847,0.9219387666069584,0.0,370444.5157735179,6.1807444977049855,True
no_change_limit,base_no_seasonality,Equal,demo_20260917T021008444832Z,5993525.794684933,43450004.49745613,724.9489863877396,45035011.23379825,1585006.7363421172,3.519498925210855,-2.62173091223995,912450.0830363405,15.223928523766475,True
no_change_limit,base_no_seasonality,Historical_ROAS,demo_20260917T021008444832Z,5993525.794684931,43823031.21356095,731.1728140458373,45035011.23379825,1211980.0202373043,2.691195110278395,-1.7857195847864715,704803.2941548675,11.759410375440249,True
no_change_limit,base_no_seasonality,Gurobi_Optimized,demo_20260917T021008444832Z,5993525.794684933,43760636.660269395,730.1317815145869,45035011.23379825,1274374.573528856,2.8297418799630556,-1.925555556504066,810798.9523969672,13.527912954274512,True
no_change_limit,base_no_seasonality,Oracle,demo_20260917T021008444832Z,5993525.794684932,45035011.23379825,751.3943007258828,45035011.23379825,0.0,0.0,0.9305175688038458,0.0,0.0,True
change30,generator_period_mean,Current,demo_20260917T023549713209Z,5993525.794684932,45263917.95940856,755.2135339026768,45587701.47615295,323783.51674439013,0.7102431275543957,0.0,295235.97154534084,4.925914756338525,True
change30,generator_period_mean,Equal,demo_20260917T023549713209Z,5993525.794684932,44843909.66439131,748.2058341045092,45587701.47615295,743791.81176164,1.6315624338961672,-0.9279097213676923,563806.7026384464,9.406928775353416,True
change30,generator_period_mean,Historical_ROAS,demo_20260917T023549713209Z,5993525.794684933,45020457.93829207,751.1514837930002,45587701.47615295,567243.5378608778,1.2442907176568323,-0.5378677588953162,440358.278544962,7.347232557762117,True
change30,generator_period_mean,Gurobi_Optimized,demo_20260917T023549713209Z,5993525.794684933,44440325.11649875,741.4721591072238,45587701.47615295,1147376.3596541956,2.5168550343657734,-1.819535029310504,737768.6879107915,12.309427091563466,True
change30,generator_period_mean,Oracle,demo_20260917T023549713209Z,5993525.794684931,45587701.47615295,760.6157550298724,45587701.47615295,0.0,0.0,0.7153236647228667,0.0,0.0,True
change30,base_no_seasonality,Current,demo_20260917T023549713209Z,5993525.794684932,44619816.006688066,744.4669053774156,44939072.858370274,319256.8516822085,0.7104215360391981,0.0,295291.4609366574,4.926840578520949,True
change30,base_no_seasonality,Equal,demo_20260917T023549713209Z,5993525.794684932,44205819.82885043,737.5595157703705,44939072.858370274,733253.0295198411,1.631660341170716,-0.9278303114821917,563860.2222008328,9.407821731590191,True
change30,base_no_seasonality,Historical_ROAS,demo_20260917T023549713209Z,5993525.794684933,44379870.52309058,740.4634941664341,44939072.858370274,559202.3352796957,1.2443566360215632,-0.5377554303709453,440369.38453140954,7.347417857480981,True
change30,base_no_seasonality,Gurobi_Optimized,demo_20260917T023549713209Z,5993525.794684933,43807943.550148666,730.9210813607847,44939072.858370274,1131129.3082216084,2.5170285817566134,-1.819533402866813,737764.4719767214,12.30935675009478,True
change30,base_no_seasonality,Oracle,demo_20260917T023549713209Z,5993525.794684932,44939072.858370274,749.7936005918639,44939072.858370274,0.0,0.0,0.7155046350580063,0.0,0.0,True
