campaign_id,alpha_hat,beta_hat,alpha_ref,beta_ref,alpha_lb,alpha_ub,beta_lb,beta_ub,revenue_scale,spend_scale,train_loss_data,train_loss_reg,val_rmse,val_mae,bounds_active,success,message,lambda_alpha,lambda_beta
C01,9309012.317444585,1.2659066853093051e-06,4432775.899794521,6.726065289566701e-07,2216387.9498972604,44327758.997945204,2.0178195868700103e-10,1.4124737108090071e-05,4432775.899794521,495584.4449657535,0.007465081938536069,0.01988175297032396,273839.38027460687,214507.00260287998,[],True,`ftol` termination condition is satisfied.,0.01,0.01
C02,5192070.297643254,1.7916211802090377e-06,2461952.332773973,9.5587794467145e-07,1230976.1663869864,24619523.327739727,2.867633834014351e-10,2.0073436838100455e-05,2461952.332773973,348719.55691780825,0.007330807309553921,0.019941478993250376,104407.0640940906,86695.43100688176,[],True,`ftol` termination condition is satisfied.,0.01,0.01
C03,11654783.920156844,9.551395518969653e-07,5510849.734623288,5.107898843744502e-07,2755424.867311644,55108497.346232876,1.5323696531233508e-10,1.0726587571863455e-05,5510849.734623288,652584.0536986302,0.013854820642111123,0.01999728772147968,492309.88544643275,406784.1188472933,[],True,`ftol` termination condition is satisfied.,0.01,0.01
C04,7709292.721951399,1.121625801468927e-06,3639489.876609589,6.006400168326518e-07,1819744.9383047945,36394898.76609589,1.8019200504979556e-10,1.261344035348569e-05,3639489.876609589,554963.5788356164,0.01314782133654071,0.020028039234056993,366676.30657394195,287765.28871664713,[],True,`ftol` termination condition is satisfied.,0.01,0.01
C05,15051017.700726792,7.800774355365028e-07,7149742.467568493,4.1535268996842927e-07,3574871.2337842467,71497424.67568493,1.2460580699052877e-10,8.722406489337013e-06,7149742.467568493,802530.8163013699,0.017035973939920082,0.019923499395889336,664431.7082805155,518565.75451533793,[],True,`ftol` termination condition is satisfied.,0.01,0.01
C06,6257245.914920986,1.364225191266919e-06,2931835.8787671234,7.364550056256081e-07,1465917.9393835617,29318358.787671234,2.209365016876824e-10,1.546555511813777e-05,2931835.8787671234,452618.73541095894,0.016521992639492857,0.020131265232912254,357258.58614605415,296221.5365882154,[],True,`ftol` termination condition is satisfied.,0.01,0.01
C07,6990282.7150106365,2.1108901103892526e-06,3320805.1671575345,1.1239129955133991e-06,1660402.5835787673,33208051.671575345,3.3717389865401976e-10,2.3602172905781383e-05,3320805.1671575345,296582.8624315069,0.007080975819980583,0.019921845152175613,161603.19283449763,129739.15006550483,[],True,`ftol` termination condition is satisfied.,0.01,0.01
C08,5384931.146666704,1.529296959963854e-06,2487855.775787671,8.356648235239026e-07,1243927.8878938355,24878557.75787671,2.5069944705717076e-10,1.7548961294001952e-05,2487855.775787671,398884.007020548,0.050289496186251434,0.020449899127525886,416885.0936666426,335241.2009550665,[],True,`ftol` termination condition is satisfied.,0.01,0.01
C09,10675570.332631469,8.725215037136824e-07,4904398.001301371,4.795525442832646e-07,2452199.0006506853,49043980.013013706,1.438657632849794e-10,1.0070603429948557e-05,4904398.001301371,695092.4091780821,0.042650152003467,0.020562001522667614,983285.3523251922,822823.214860121,[],True,`ftol` termination condition is satisfied.,0.01,0.01
C10,9870886.890562113,1.2024129623885562e-06,4255393.863013699,6.982120115027504e-07,2127696.9315068494,42553938.63013699,2.0946360345082513e-10,1.4662452241557758e-05,4255393.863013699,477409.90965753427,0.07219868171010359,0.022628648877808917,973804.6317918928,761320.3514227138,[],True,`ftol` termination condition is satisfied.,0.01,0.01
C11,8478989.346356656,1.0515198514979066e-06,3932282.1325000003,5.721820559305416e-07,1966141.0662500001,39322821.325,1.716546167791625e-10,1.2015823174541373e-05,3932282.1325000003,582565.1641438357,0.04103764321387384,0.020387200411503947,870735.7188156502,692986.8051194024,[],True,`ftol` termination condition is satisfied.,0.01,0.01
C12,1539818.4456272416,2.0947121322292427e-06,720021.3798287672,1.1341234219999351e-06,360010.6899143836,7200213.798287671,3.4023702659998055e-10,2.3816591861998637e-05,720021.3798287672,293912.7495890411,0.01908839504345467,0.02013737338240613,85213.6596306643,70220.5104848097,[],True,`ftol` termination condition is satisfied.,0.01,0.01
