campaign_id,campaign_name,mean_spend,std_spend,min_spend,max_spend,mean_revenue,std_revenue,mean_conversions,std_conversions,total_spend,total_revenue,total_conversions,n_days,cv_spend,spend_range_ratio,hist_roas_volume,aor_point,cv_conversions,rev_residual_std
C01,Brand Search Core,491070.40695890406,53946.96116597299,364153.9,735836.48,4386187.473863014,463069.0399863371,448.16019178082195,78.45525842423609,179240698.54,1600958427.96,163578.47,365,0.10985585855204592,2.0206744456121433,893.1891255727975,9787.097458241296,0.17506074806083083,463069.0399863371
C02,Brand Search Expansion,344741.2209041096,39646.85931884123,252395.11,489197.35,2424351.569780822,290199.97276727564,206.2940821917808,35.77798662545516,125830545.63,884888322.97,75297.34,365,0.11500469602928358,1.9382203957913449,703.2380878105552,11751.920093990042,0.173431958131471,290199.97276727564
C03,Generic Search High Intent,636779.9615616439,82658.93677858771,464867.03,930262.74,5343666.715561644,868784.796605579,203.10191780821918,50.43823413092465,232424685.97,1950438351.18,74132.2,365,0.1298076914604447,2.001137271447278,839.1700490161148,26310.27207043633,0.24833952665356615,868784.796605579
C04,Generic Search Mid Intent,540693.3946027397,70818.001029569,376205.77,725298.06,3504742.845561644,596189.4838299312,106.65567123287671,25.489635814533504,197353089.03,1279231138.63,38929.32,365,0.1309762644346722,1.9279291224055388,648.194130083032,32860.35149419512,0.2389899713713142,596189.4838299312
C05,Shopping Best Seller,781135.442328767,97303.51550765485,534417.54,1036186.82,6929170.057561644,1112178.834151641,337.50876712328767,83.91940918709454,285114436.45,2529147071.01,123190.7,365,0.12456676555037353,1.9389087042315263,887.0638409267405,20530.340934908236,0.24864364236334,1112178.834151641
C06,Shopping Long Tail,441614.84484931506,59004.799166794255,307634.8,681035.95,2820043.9265479455,539050.4581557472,89.48517808219178,22.93668422589979,161189418.37,1029316033.19,32662.09,365,0.13361144865256394,2.213780593092849,638.575437270498,31514.089673685918,0.2563182497645871,539050.4581557472
C07,Retargeting,292829.7437260274,33955.581544160166,216518.41,451933.54,3274749.699753425,370672.67343061615,414.29216438356167,72.04487575844533,106882856.46,1195283640.41,151216.64,365,0.11595673688096773,2.0872753499344467,1118.3118415789393,7904.445174882871,0.17389871678032617,370672.67343061615
C08,Competitor,392659.6517808219,64178.025919658576,251140.96,686388.52,2437778.9009041097,667866.2953292787,47.0804109589041,12.094947364652972,143320772.9,889789298.83,17184.35,365,0.16344441204639484,2.7330807368101167,620.8376363214546,51779.04889216061,0.2568997831223372,667866.2953292787
C09,Prospecting,693340.0916986301,110838.99054497344,469427.07,1142980.83,4886437.165616439,1285633.241522963,51.89194520547946,12.708094625394414,253069133.47,1783549565.45,18940.56,365,0.15986237038943818,2.4348421789991788,704.7677213710579,94165.61946690065,0.24489532190542204,1285633.241522963
C10,Seasonal,490095.6614246575,116441.0053984345,276159.57,829854.68,4412549.470246576,1651564.241547476,137.5349589041096,46.35300617716606,178884916.42,1610580556.64,50200.26,365,0.23758832114520767,3.004982517897171,900.344528131457,32083.11185320554,0.33702708421561184,1651564.241547476
C11,New Product Launch,593839.0018630137,89677.35052596817,376794.9,845706.34,4051526.099342466,1021348.2666196738,91.39408219178081,26.542882472299077,216751235.68,1478807026.26,33358.84,365,0.15101290121502473,2.2444739565211735,682.260021088522,44330.289250465554,0.2904223319033025,1021348.2666196738
C12,Low Efficiency Legacy,294726.3729863014,33519.23889659911,215226.46,441974.63,730077.132630137,127582.19861274706,11.960630136986302,2.973844754491152,107575126.14,266478153.41,4365.63,365,0.11373002882968013,2.0535329624433727,247.7135402687802,61040.02249618039,0.24863612706282265,127582.19861274706
