campaign_id,campaign_name,base_daily_budget,min_daily_budget,max_daily_budget,alpha_revenue,beta_revenue,base_ctr,base_cvr,revenue_noise_std,seasonality_strength,volatility_level,base_cpm
C01,Brand Search Core,500000,250000,900000,4800000,4.8e-06,0.075,0.08,0.05,0.05,Low,6500
C02,Brand Search Expansion,350000,150000,700000,3200000,4e-06,0.062,0.068,0.05,0.05,Low,7000
C03,Generic Search High Intent,650000,300000,1400000,6500000,2.6e-06,0.048,0.052,0.1,0.1,Medium,8000
C04,Generic Search Mid Intent,550000,250000,1300000,5000000,2.2e-06,0.039,0.043,0.1,0.1,Medium,8500
C05,Shopping Best Seller,800000,400000,1600000,7800000,2.7e-06,0.055,0.06,0.1,0.1,Medium,7500
C06,Shopping Long Tail,450000,200000,1100000,4600000,2.1e-06,0.038,0.048,0.1,0.1,Medium,9000
C07,Retargeting,300000,150000,600000,3900000,6e-06,0.085,0.1,0.05,0.05,Low,6000
C08,Competitor,400000,150000,900000,3600000,2.8e-06,0.032,0.035,0.18,0.15,High,9500
C09,Prospecting,700000,300000,1800000,6800000,1.8e-06,0.027,0.028,0.18,0.15,High,10000
C10,Seasonal,500000,200000,1300000,6200000,2.4e-06,0.045,0.05,0.18,0.3,High,8000
C11,New Product Launch,600000,250000,1500000,5800000,2e-06,0.035,0.04,0.18,0.15,High,9000
C12,Low Efficiency Legacy,300000,100000,500000,2000000,1.5e-06,0.022,0.02,0.1,0.05,Medium,11000
