campaign_id,action,reasons,current_budget,candidate_budget,is_in_observed_support,v2_rmse_gain_vs_train_mean_pct,rmse_change_v2_vs_v1_pct,slope_spread_ratio_at_reference
C01,REVIEW,SLOPE_SENSITIVE,491070.40695890406,523684.2105263159,True,33.20299705122724,-11.39816567633605,0.3216603187596214
C02,ELIGIBLE,,344741.2209041096,294736.84210526315,True,61.17085477176333,-5.886007295811142,0.1892356836865713
C03,ELIGIBLE,,636779.9615616439,763157.8947368424,True,55.07427720246336,-10.589093559490184,0.1445937901052144
C04,ELIGIBLE,,540693.3946027397,471052.6315789471,True,61.594241742345055,-23.109798892319443,0.1379947138996402
C05,ELIGIBLE,,781135.442328767,778947.3684210523,True,53.02325338035675,-12.266754606638829,0.2407517823918032
C06,ELIGIBLE,,441614.8448493151,389473.68421052577,True,54.465308816677066,-20.512019660657483,0.1009688286050203
C07,ELIGIBLE,,292829.7437260274,380678.6668438356,True,49.128909726186855,-5.350196398475871,0.1511974890026659
C08,REVIEW,V2_VALIDATION_RMSE_WORSE_THAN_V1,392659.6517808219,274861.7562465753,True,17.44662436825794,2.6536241697680567,0.1221684746297076
C09,HOLD_CURRENT,NO_VALIDATION_GAIN_VS_TRAIN_MEAN;V2_VALIDATION_RMSE_WORSE_THAN_V1,693340.0916986301,773684.2105263163,True,-1.802066307991504,1.8098391319035736,0.105138521220144
C10,ELIGIBLE,,490095.6614246575,623782.1736620059,True,29.566272779972707,-6.525030830511112,0.0621668839995218
C11,ELIGIBLE,,593839.0018630137,513157.8947368423,True,15.760348612886306,-0.3333231779567713,0.1326161028387802
C12,HOLD_CURRENT,OPTIMUM_OUTSIDE_TRAINING_SPEND_SUPPORT,294726.3729863014,206308.4610904109,False,30.6726735756949,-23.989032439443225,0.0773146377922022
