campaign_id,level_at_reference,kappa,spend_scale,revenue_scale,feature_names,feature_center,calendar_coefficients,observed_support,train_start,train_end,n_train,success,mode,message,data_mse_scaled,robust_data_loss,regularization_loss,objective,fitted_calendar_r2_for_spend,residual_spend_cv,jacobian_condition,start_slope_spread_ratio,bounds_active,warnings,alpha_at_calendar_zero,beta,reference_calendar_mean_factor
C01,4426961.332821391,0.9212513641215833,495584.4449657535,4432775.899794521,"[""annual_sin"", ""annual_cos"", ""weekday_1"", ""weekday_2"", ""weekday_3"", ""weekday_4"", ""weekday_5"", ""weekday_6""]","[0.09483742759171801, 0.21454113605573158, 0.14383561643835616, 0.14383561643835616, 0.14383561643835616, 0.14383561643835616, 0.1404109589041096, 0.1404109589041096]","[0.03127135300579224, -0.007192494501307932, 0.024865098991071054, -0.008781588829402767, 0.016518093105795092, 0.006641162539224901, 0.04909143073080578, 0.045199514480338585]","(364228.34, 735836.48)",2025-09-01,2026-06-19,292,True,calendar_robust_saturation,`ftol` termination condition is satisfied.,0.0059704944196811586,0.004851241783951711,1.1308190382919506e-05,0.004862549974334629,0.30021610602746707,0.09248351908684597,33.10941270703791,7.171157792829377e-06,[],"[""LESS_THAN_ONE_YEAR_OF_CALENDAR_TRAINING"", ""NARROW_SPEND_COVERAGE"", ""OBSERVATIONAL_NOT_CAUSALLY_IDENTIFIED""]",7354008.755263808,1.8589190469552464e-06,0.9992005846758631
C02,2458402.8705539014,0.7411352562566916,348719.55691780825,2461952.332773973,"[""annual_sin"", ""annual_cos"", ""weekday_1"", ""weekday_2"", ""weekday_3"", ""weekday_4"", ""weekday_5"", ""weekday_6""]","[0.09483742759171801, 0.21454113605573158, 0.14383561643835616, 0.14383561643835616, 0.14383561643835616, 0.14383561643835616, 0.1404109589041096, 0.1404109589041096]","[0.042713764932139194, 0.007040443632826912, 0.014114225426022085, 0.008225212923736487, 0.006451605607933465, 0.012624902018105824, 0.02589304041485062, 0.041948330032169884]","(252395.11, 489197.35)",2025-09-01,2026-06-19,292,True,calendar_robust_saturation,`ftol` termination condition is satisfied.,0.005853529047868442,0.004777437450612009,4.83025122607736e-05,0.004825739962872783,0.2526616591753289,0.1005352788720563,34.879293299808204,3.2701015865501774e-06,[],"[""LESS_THAN_ONE_YEAR_OF_CALENDAR_TRAINING"", ""NARROW_SPEND_COVERAGE"", ""OBSERVATIONAL_NOT_CAUSALLY_IDENTIFIED""]",4696740.67357741,2.125304536422585e-06,0.9951157617944144
C03,5508197.6053046,0.6258431224428811,652584.0536986302,5510849.734623288,"[""annual_sin"", ""annual_cos"", ""weekday_1"", ""weekday_2"", ""weekday_3"", ""weekday_4"", ""weekday_5"", ""weekday_6""]","[0.09483742759171801, 0.21454113605573158, 0.14383561643835616, 0.14383561643835616, 0.14383561643835616, 0.14383561643835616, 0.1404109589041096, 0.1404109589041096]","[0.048119413798285514, 0.051169131087005285, 0.00501200559745811, 0.008575603885610761, 0.013156548931499258, -0.025598414421654968, 0.008026290047603774, 0.07233424477394436]","(464867.03, 930262.74)",2025-09-01,2026-06-19,292,True,calendar_robust_saturation,`ftol` termination condition is satisfied.,0.010713032313959389,0.008478722201009996,0.00011751488648312648,0.008596237087493123,0.308069612285243,0.1033950240129329,38.18814568818889,1.0420160350566428e-06,[],"[""LESS_THAN_ONE_YEAR_OF_CALENDAR_TRAINING"", ""NARROW_SPEND_COVERAGE"", ""OBSERVATIONAL_NOT_CAUSALLY_IDENTIFIED""]",11840756.436242025,9.590230084474323e-07,0.986375027551514
C04,3642425.332688707,0.6057037851475405,554963.5788356164,3639489.876609589,"[""annual_sin"", ""annual_cos"", ""weekday_1"", ""weekday_2"", ""weekday_3"", ""weekday_4"", ""weekday_5"", ""weekday_6""]","[0.09483742759171801, 0.21454113605573158, 0.14383561643835616, 0.14383561643835616, 0.14383561643835616, 0.14383561643835616, 0.1404109589041096, 0.1404109589041096]","[0.022216409452802104, 0.04976008668699052, -0.023139854129612957, -0.02742810314452112, 0.0005046302263885941, 0.020175864906272843, -0.01720224367406124, 0.03216780733814293]","(384119.46, 725298.06)",2025-09-01,2026-06-19,292,True,calendar_robust_saturation,`ftol` termination condition is satisfied.,0.01134608787752699,0.009069214534291365,0.00012602719838155765,0.009195241732672924,0.3817833422840048,0.09633671041577788,42.24135320451245,8.174132819354303e-07,[],"[""LESS_THAN_ONE_YEAR_OF_CALENDAR_TRAINING"", ""NARROW_SPEND_COVERAGE"", ""OBSERVATIONAL_NOT_CAUSALLY_IDENTIFIED""]",8017493.075530731,1.091429795119859e-06,0.9883426470219389
C05,7121850.2618035115,1.0148926382169965,802530.8163013699,7149742.467568493,"[""annual_sin"", ""annual_cos"", ""weekday_1"", ""weekday_2"", ""weekday_3"", ""weekday_4"", ""weekday_5"", ""weekday_6""]","[0.09483742759171801, 0.21454113605573158, 0.14383561643835616, 0.14383561643835616, 0.14383561643835616, 0.14383561643835616, 0.1404109589041096, 0.1404109589041096]","[0.013746765416455026, 0.06603370312944362, 0.022593633970278092, 0.008070088054988581, 0.03849818344529679, 0.03880858303880731, 0.03621923376662488, 0.06060477969749546]","(590877.38, 1036186.82)",2025-09-01,2026-06-19,292,True,calendar_robust_saturation,`ftol` termination condition is satisfied.,0.014882352748003898,0.010771769698143727,1.662834294439664e-05,0.010788398041088124,0.4140489111963481,0.08711297954411079,34.12027811185239,8.122531414567813e-06,[],"[""LESS_THAN_ONE_YEAR_OF_CALENDAR_TRAINING"", ""NARROW_SPEND_COVERAGE"", ""OBSERVATIONAL_NOT_CAUSALLY_IDENTIFIED""]",11170501.962648703,1.264615161937756e-06,0.9860326947471137
C06,2926269.7952512195,0.5067598531991636,452618.73541095894,2931835.8787671234,"[""annual_sin"", ""annual_cos"", ""weekday_1"", ""weekday_2"", ""weekday_3"", ""weekday_4"", ""weekday_5"", ""weekday_6""]","[0.09483742759171801, 0.21454113605573158, 0.14383561643835616, 0.14383561643835616, 0.14383561643835616, 0.14383561643835616, 0.1404109589041096, 0.1404109589041096]","[-0.030649782110098975, 0.06407002367877714, 0.022992099564167114, -0.027282731020710344, -0.017734112367898472, -0.016578667709831022, 0.04436328291753876, 0.005415530505080762]","(327209.25, 681035.95)",2025-09-01,2026-06-19,292,True,calendar_robust_saturation,`ftol` termination condition is satisfied.,0.012321752631405617,0.009674613000493385,0.00022902063800898204,0.00990363363850237,0.41586928355404407,0.09882938650785204,45.682823895956055,3.5183341074739766e-07,[],"[""LESS_THAN_ONE_YEAR_OF_CALENDAR_TRAINING"", ""NARROW_SPEND_COVERAGE"", ""OBSERVATIONAL_NOT_CAUSALLY_IDENTIFIED""]",7360655.9759985795,1.119617491615867e-06,0.9908981120014961
C07,3315959.605031988,0.7920577486714341,296582.8624315069,3320805.1671575345,"[""annual_sin"", ""annual_cos"", ""weekday_1"", ""weekday_2"", ""weekday_3"", ""weekday_4"", ""weekday_5"", ""weekday_6""]","[0.09483742759171801, 0.21454113605573158, 0.14383561643835616, 0.14383561643835616, 0.14383561643835616, 0.14383561643835616, 0.1404109589041096, 0.1404109589041096]","[-0.02557035099774349, 0.02714875717816144, -0.007294341223205047, 0.021787039006143184, 0.00863985457436452, 0.006411202188070622, 0.0227917485982984, 0.04271915829657567]","(216518.41, 451933.54)",2025-09-01,2026-06-19,292,True,calendar_robust_saturation,`ftol` termination condition is satisfied.,0.005671250528984681,0.004458684621248236,3.1120413993719914e-05,0.004489805035241956,0.284897364394479,0.09990745385219275,33.60649383687777,2.4855669020362293e-06,[],"[""LESS_THAN_ONE_YEAR_OF_CALENDAR_TRAINING"", ""NARROW_SPEND_COVERAGE"", ""OBSERVATIONAL_NOT_CAUSALLY_IDENTIFIED""]",6061106.692289705,2.670611990786732e-06,0.9971621033083291
C08,2456241.982154317,0.8473371448128344,398884.007020548,2487855.775787671,"[""annual_sin"", ""annual_cos"", ""weekday_1"", ""weekday_2"", ""weekday_3"", ""weekday_4"", ""weekday_5"", ""weekday_6""]","[0.09483742759171801, 0.21454113605573158, 0.14383561643835616, 0.14383561643835616, 0.14383561643835616, 0.14383561643835616, 0.1404109589041096, 0.1404109589041096]","[-0.06486301554721367, 0.11495313120238682, -0.029186728901853552, -0.08324668256249504, -0.05906598676653967, -0.059276483928417216, -0.10362583778793626, -0.03954283821155446]","(251140.96, 686388.52)",2025-09-01,2026-06-19,292,True,calendar_robust_saturation,`ftol` termination condition is satisfied.,0.04163101950354933,0.024911854850779777,7.020995012881195e-05,0.024982064800908598,0.6033002570369079,0.10615689458646371,31.031718016653322,2.4853381361873578e-06,[],"[""LESS_THAN_ONE_YEAR_OF_CALENDAR_TRAINING"", ""OBSERVATIONAL_NOT_CAUSALLY_IDENTIFIED""]",4298296.829165961,2.124269536755794e-06,0.9864681028889186
C09,4866114.84054608,0.44524930476994173,695092.4091780821,4904398.001301371,"[""annual_sin"", ""annual_cos"", ""weekday_1"", ""weekday_2"", ""weekday_3"", ""weekday_4"", ""weekday_5"", ""weekday_6""]","[0.09483742759171801, 0.21454113605573158, 0.14383561643835616, 0.14383561643835616, 0.14383561643835616, 0.14383561643835616, 0.1404109589041096, 0.1404109589041096]","[-0.07802206506673671, 0.059158700100267976, 0.012812086296794013, 0.0014580568423799396, 0.008516502666228125, -0.0012956288529962635, -0.009192911916522006, 0.09055350009372319]","(469427.07, 1142980.83)",2025-09-01,2026-06-19,292,True,calendar_robust_saturation,`ftol` termination condition is satisfied.,0.03366606512072996,0.02106423675998038,0.00033195345526498723,0.02139619021524537,0.5752107879618649,0.11054959629383956,46.21212718062348,2.59877323285504e-07,[],"[""LESS_THAN_ONE_YEAR_OF_CALENDAR_TRAINING"", ""OBSERVATIONAL_NOT_CAUSALLY_IDENTIFIED""]",13541983.243750555,6.405613108283408e-07,0.9977274180631047
C10,4130511.228953371,0.6158517357155775,477409.90965753427,4255393.863013699,"[""annual_sin"", ""annual_cos"", ""weekday_1"", ""weekday_2"", ""weekday_3"", ""weekday_4"", ""weekday_5"", ""weekday_6""]","[0.09483742759171801, 0.21454113605573158, 0.14383561643835616, 0.14383561643835616, 0.14383561643835616, 0.14383561643835616, 0.1404109589041096, 0.1404109589041096]","[-0.24625041759768443, 0.006731439227584516, 0.017501577164000803, 0.08442550182285968, 0.06044353805439869, 0.011219985761346649, 0.06835020817420948, 0.1023291080919866]","(276159.57, 829854.68)",2025-09-01,2026-06-19,292,True,calendar_robust_saturation,`ftol` termination condition is satisfied.,0.03972646543613803,0.02224045185891552,0.00022847392057273814,0.02246892577948826,0.805629149579803,0.11332998922044006,37.04617123288503,5.400167011340386e-07,[],"[""LESS_THAN_ONE_YEAR_OF_CALENDAR_TRAINING"", ""OBSERVATIONAL_NOT_CAUSALLY_IDENTIFIED""]",8982899.161284393,1.2899852375443007e-06,1.0383569248425015
C11,3927498.0288387565,0.6001445678162507,582565.1641438357,3932282.1325000003,"[""annual_sin"", ""annual_cos"", ""weekday_1"", ""weekday_2"", ""weekday_3"", ""weekday_4"", ""weekday_5"", ""weekday_6""]","[0.09483742759171801, 0.21454113605573158, 0.14383561643835616, 0.14383561643835616, 0.14383561643835616, 0.14383561643835616, 0.1404109589041096, 0.1404109589041096]","[-0.09516795253747126, -0.08085022096045837, -0.07924609694745606, -0.028127205438590125, -0.05512441383548615, -0.10008887528078914, -0.03127206788893753, -0.028289577985969237]","(376794.9, 845706.34)",2025-09-01,2026-06-19,292,True,calendar_robust_saturation,`ftol` termination condition is satisfied.,0.03236778169427352,0.02012479056759806,0.00016981534147159964,0.020294605909069667,0.5756301269347357,0.10259810323996343,39.827985755418105,7.10959182214218e-07,[],"[""LESS_THAN_ONE_YEAR_OF_CALENDAR_TRAINING"", ""OBSERVATIONAL_NOT_CAUSALLY_IDENTIFIED""]",8703255.385673804,1.030175858005946e-06,1.0314241429863118
C12,717621.0807647452,0.39709463454047506,293912.7495890411,720021.3798287672,"[""annual_sin"", ""annual_cos"", ""weekday_1"", ""weekday_2"", ""weekday_3"", ""weekday_4"", ""weekday_5"", ""weekday_6""]","[0.09483742759171801, 0.21454113605573158, 0.14383561643835616, 0.14383561643835616, 0.14383561643835616, 0.14383561643835616, 0.1404109589041096, 0.1404109589041096]","[-0.05325786925263611, -0.012914852156196848, 0.02888854517310077, -0.03161902834722209, -0.009613385551265594, -0.0032602328325005933, 0.0013134469358771221, 0.021777004464487618]","(215226.46, 441974.63)",2025-09-01,2026-06-19,292,True,calendar_robust_saturation,`ftol` termination condition is satisfied.,0.015238777235263942,0.010790857833527913,0.0004090971667922197,0.011199955000320134,0.2776985974973927,0.10088682162167271,53.75481089371809,3.404202647199574e-06,[],"[""LESS_THAN_ONE_YEAR_OF_CALENDAR_TRAINING"", ""NARROW_SPEND_COVERAGE"", ""OBSERVATIONAL_NOT_CAUSALLY_IDENTIFIED""]",2189674.3123148424,1.3510629773485716e-06,1.0088154179037576
