campaign_id,breakpoint_index,budget_KRW,expected_revenue_KRW,in_training_spend_support,within_effective_bounds,effective_lower_krw,effective_upper_krw,calendar_reference,concavity_enforced
C01,0,250000.0,2731264.0477493196,False,False,343749.2848712328,638391.5290465753,full_demo,False
C01,1,284210.5263157895,3015730.6420876966,False,False,343749.2848712328,638391.5290465753,full_demo,False
C01,2,318421.05263157893,3282669.925302889,False,False,343749.2848712328,638391.5290465753,full_demo,False
C01,3,352631.5789473684,3533161.836626158,False,True,343749.2848712328,638391.5290465753,full_demo,False
C01,4,386842.10526315786,3768219.775205402,True,True,343749.2848712328,638391.5290465753,full_demo,False
C01,5,421052.63157894736,3988794.6999494536,True,True,343749.2848712328,638391.5290465753,full_demo,False
C01,6,455263.15789473685,4195778.976761878,True,True,343749.2848712328,638391.5290465753,full_demo,False
C01,7,489473.6842105263,4390009.988728789,True,True,343749.2848712328,638391.5290465753,full_demo,False
C01,8,523684.2105263158,4572273.523866185,True,True,343749.2848712328,638391.5290465753,full_demo,False
C01,9,557894.7368421053,4743306.954132413,True,True,343749.2848712328,638391.5290465753,full_demo,False
C01,10,592105.2631578947,4903802.218566853,True,True,343749.2848712328,638391.5290465753,full_demo,False
C01,11,626315.7894736843,5054408.622623564,True,True,343749.2848712328,638391.5290465753,full_demo,False
C01,12,660526.3157894737,5195735.465024941,True,False,343749.2848712328,638391.5290465753,full_demo,False
C01,13,694736.8421052631,5328354.50276269,True,False,343749.2848712328,638391.5290465753,full_demo,False
C01,14,728947.3684210526,5452802.264218619,True,False,343749.2848712328,638391.5290465753,full_demo,False
C01,15,763157.894736842,5569582.219763296,False,False,343749.2848712328,638391.5290465753,full_demo,False
C01,16,797368.4210526316,5679166.818614005,False,False,343749.2848712328,638391.5290465753,full_demo,False
C01,17,831578.947368421,5781999.400192411,False,False,343749.2848712328,638391.5290465753,full_demo,False
C01,18,865789.4736842106,5878495.987714583,False,False,343749.2848712328,638391.5290465753,full_demo,False
C01,19,900000.0,5969046.9712695815,False,False,343749.2848712328,638391.5290465753,full_demo,False
C02,0,150000.0,1275835.0417154843,False,False,241318.8546328767,448163.5871753425,full_demo,False
C02,1,178947.36842105264,1478583.8927409246,False,False,241318.8546328767,448163.5871753425,full_demo,False
C02,2,207894.73684210525,1669235.1827405605,False,False,241318.8546328767,448163.5871753425,full_demo,False
C02,3,236842.1052631579,1848510.7455597278,False,False,241318.8546328767,448163.5871753425,full_demo,False
C02,4,265789.4736842105,2017089.344866298,True,True,241318.8546328767,448163.5871753425,full_demo,False
C02,5,294736.84210526315,2175609.2440498276,True,True,241318.8546328767,448163.5871753425,full_demo,False
C02,6,323684.2105263158,2324670.6227806993,True,True,241318.8546328767,448163.5871753425,full_demo,False
C02,7,352631.5789473684,2464837.849378689,True,True,241318.8546328767,448163.5871753425,full_demo,False
C02,8,381578.947368421,2596641.617594494,True,True,241318.8546328767,448163.5871753425,full_demo,False
C02,9,410526.3157894737,2720580.9558943864,True,True,241318.8546328767,448163.5871753425,full_demo,False
C02,10,439473.6842105263,2837125.1168554304,True,True,241318.8546328767,448163.5871753425,full_demo,False
C02,11,468421.05263157893,2946715.3538248143,True,False,241318.8546328767,448163.5871753425,full_demo,False
C02,12,497368.4210526316,3049766.5915699657,False,False,241318.8546328767,448163.5871753425,full_demo,False
C02,13,526315.7894736843,3146668.9972447916,False,False,241318.8546328767,448163.5871753425,full_demo,False
C02,14,555263.1578947369,3237789.457619956,False,False,241318.8546328767,448163.5871753425,full_demo,False
C02,15,584210.5263157894,3323472.968170189,False,False,241318.8546328767,448163.5871753425,full_demo,False
C02,16,613157.894736842,3404043.9392779334,False,False,241318.8546328767,448163.5871753425,full_demo,False
C02,17,642105.2631578947,3479807.424498807,False,False,241318.8546328767,448163.5871753425,full_demo,False
C02,18,671052.6315789474,3551050.2755392576,False,False,241318.8546328767,448163.5871753425,full_demo,False
C02,19,700000.0,3618042.2283193474,False,False,241318.8546328767,448163.5871753425,full_demo,False
C03,0,300000.0,2920074.1121483822,False,False,445745.9730931507,827813.9500301371,full_demo,False
C03,1,357894.7368421053,3393159.306829009,False,False,445745.9730931507,827813.9500301371,full_demo,False
C03,2,415789.4736842105,3840693.5711851623,False,False,445745.9730931507,827813.9500301371,full_demo,False
C03,3,473684.2105263158,4264056.889303824,True,True,445745.9730931507,827813.9500301371,full_demo,False
C03,4,531578.947368421,4664554.713501268,True,True,445745.9730931507,827813.9500301371,full_demo,False
C03,5,589473.6842105263,5043421.989720817,True,True,445745.9730931507,827813.9500301371,full_demo,False
C03,6,647368.4210526316,5401826.965522268,True,True,445745.9730931507,827813.9500301371,full_demo,False
C03,7,705263.1578947369,5740874.792405056,True,True,445745.9730931507,827813.9500301371,full_demo,False
C03,8,763157.894736842,6061610.933572981,True,True,445745.9730931507,827813.9500301371,full_demo,False
C03,9,821052.6315789474,6365024.3876484595,True,True,445745.9730931507,827813.9500301371,full_demo,False
C03,10,878947.3684210526,6652050.738276693,True,False,445745.9730931507,827813.9500301371,full_demo,False
C03,11,936842.1052631579,6923575.03902332,False,False,445745.9730931507,827813.9500301371,full_demo,False
C03,12,994736.8421052631,7180434.542461161,False,False,445745.9730931507,827813.9500301371,full_demo,False
C03,13,1052631.5789473685,7423421.281861333,False,False,445745.9730931507,827813.9500301371,full_demo,False
C03,14,1110526.3157894737,7653284.513449396,False,False,445745.9730931507,827813.9500301371,full_demo,False
C03,15,1168421.0526315789,7870733.026757317,False,False,445745.9730931507,827813.9500301371,full_demo,False
C03,16,1226315.789473684,8076437.330195299,False,False,445745.9730931507,827813.9500301371,full_demo,False
C03,17,1284210.5263157894,8271031.718582703,False,False,445745.9730931507,827813.9500301371,full_demo,False
C03,18,1342105.2631578948,8455116.229013396,False,False,445745.9730931507,827813.9500301371,full_demo,False
C03,19,1400000.0,8629258.491086466,False,False,445745.9730931507,827813.9500301371,full_demo,False
C04,0,250000.0,1892248.2199694335,False,False,378485.3762219178,702901.4129835616,full_demo,False
C04,1,305263.15789473685,2245305.81314325,False,False,378485.3762219178,702901.4129835616,full_demo,False
C04,2,360526.3157894737,2577697.927715605,False,False,378485.3762219178,702901.4129835616,full_demo,False
C04,3,415789.4736842105,2890634.1737163756,True,True,378485.3762219178,702901.4129835616,full_demo,False
C04,4,471052.63157894736,3185253.359213743,True,True,378485.3762219178,702901.4129835616,full_demo,False
C04,5,526315.7894736843,3462627.634557093,True,True,378485.3762219178,702901.4129835616,full_demo,False
C04,6,581578.947368421,3723766.394045436,True,True,378485.3762219178,702901.4129835616,full_demo,False
C04,7,636842.1052631579,3969619.949219927,True,True,378485.3762219178,702901.4129835616,full_demo,False
C04,8,692105.2631578947,4201082.987147985,True,True,378485.3762219178,702901.4129835616,full_demo,False
C04,9,747368.4210526316,4418997.826284078,False,False,378485.3762219178,702901.4129835616,full_demo,False
C04,10,802631.5789473684,4624157.481755588,False,False,378485.3762219178,702901.4129835616,full_demo,False
C04,11,857894.7368421053,4817308.551228657,False,False,378485.3762219178,702901.4129835616,full_demo,False
C04,12,913157.894736842,4999153.931855998,False,False,378485.3762219178,702901.4129835616,full_demo,False
C04,13,968421.0526315789,5170355.378193901,False,False,378485.3762219178,702901.4129835616,full_demo,False
C04,14,1023684.2105263157,5331535.910397002,False,False,378485.3762219178,702901.4129835616,full_demo,False
C04,15,1078947.3684210526,5483282.081454452,False,False,378485.3762219178,702901.4129835616,full_demo,False
C04,16,1134210.5263157894,5626146.111718239,False,False,378485.3762219178,702901.4129835616,full_demo,False
C04,17,1189473.6842105263,5760647.898491398,False,False,378485.3762219178,702901.4129835616,full_demo,False
C04,18,1244736.8421052631,5887276.907989235,False,False,378485.3762219178,702901.4129835616,full_demo,False
C04,19,1300000.0,6006493.956558606,False,False,378485.3762219178,702901.4129835616,full_demo,False
C05,0,400000.0,4372801.637851824,False,False,546794.8096301369,1015476.0750273971,full_demo,False
C05,1,463157.89473684214,4882643.705408541,False,False,546794.8096301369,1015476.0750273971,full_demo,False
C05,2,526315.7894736843,5353348.236678254,False,False,546794.8096301369,1015476.0750273971,full_demo,False
C05,3,589473.6842105263,5787919.587017429,False,True,546794.8096301369,1015476.0750273971,full_demo,False
C05,4,652631.5789473684,6189131.485331199,True,True,546794.8096301369,1015476.0750273971,full_demo,False
C05,5,715789.4736842106,6559544.73789123,True,True,546794.8096301369,1015476.0750273971,full_demo,False
C05,6,778947.3684210526,6901523.573137034,True,True,546794.8096301369,1015476.0750273971,full_demo,False
C05,7,842105.2631578947,7217250.731784319,True,True,546794.8096301369,1015476.0750273971,full_demo,False
C05,8,905263.1578947369,7508741.3985556625,True,True,546794.8096301369,1015476.0750273971,full_demo,False
C05,9,968421.052631579,7777856.06445529,True,True,546794.8096301369,1015476.0750273971,full_demo,False
C05,10,1031578.9473684211,8026312.401683678,True,False,546794.8096301369,1015476.0750273971,full_demo,False
C05,11,1094736.8421052631,8255696.22698575,False,False,546794.8096301369,1015476.0750273971,full_demo,False
C05,12,1157894.7368421052,8467471.6234082,False,False,546794.8096301369,1015476.0750273971,full_demo,False
C05,13,1221052.6315789474,8662990.285069829,False,False,546794.8096301369,1015476.0750273971,full_demo,False
C05,14,1284210.5263157894,8843500.144589573,False,False,546794.8096301369,1015476.0750273971,full_demo,False
C05,15,1347368.4210526315,9010153.33823831,False,False,546794.8096301369,1015476.0750273971,full_demo,False
C05,16,1410526.3157894737,9164013.559653452,False,False,546794.8096301369,1015476.0750273971,full_demo,False
C05,17,1473684.2105263157,9306062.849052688,False,False,546794.8096301369,1015476.0750273971,full_demo,False
C05,18,1536842.105263158,9437207.861280272,False,False,546794.8096301369,1015476.0750273971,full_demo,False
C05,19,1600000.0,9558285.652692765,False,False,546794.8096301369,1015476.0750273971,full_demo,False
C06,0,200000.0,1463281.1823688315,False,False,309130.3913945205,574099.2983041096,full_demo,False
C06,1,247368.42105263157,1764436.1019000048,False,False,309130.3913945205,574099.2983041096,full_demo,False
C06,2,294736.84210526315,2050035.5512485239,False,False,309130.3913945205,574099.2983041096,full_demo,False
C06,3,342105.2631578947,2320883.0127316616,True,True,309130.3913945205,574099.2983041096,full_demo,False
C06,4,389473.6842105263,2577740.4666210082,True,True,309130.3913945205,574099.2983041096,full_demo,False
C06,5,436842.10526315786,2821330.5348359374,True,True,309130.3913945205,574099.2983041096,full_demo,False
C06,6,484210.5263157895,3052338.51390948,True,True,309130.3913945205,574099.2983041096,full_demo,False
C06,7,531578.9473684211,3271414.3029459887,True,True,309130.3913945205,574099.2983041096,full_demo,False
C06,8,578947.3684210526,3479174.23199454,True,False,309130.3913945205,574099.2983041096,full_demo,False
C06,9,626315.7894736843,3676202.795981893,True,False,309130.3913945205,574099.2983041096,full_demo,False
C06,10,673684.2105263157,3863054.2990830797,True,False,309130.3913945205,574099.2983041096,full_demo,False
C06,11,721052.6315789474,4040254.4141558087,False,False,309130.3913945205,574099.2983041096,full_demo,False
C06,12,768421.052631579,4208301.6616258165,False,False,309130.3913945205,574099.2983041096,full_demo,False
C06,13,815789.4736842106,4367668.811983792,False,False,309130.3913945205,574099.2983041096,full_demo,False
C06,14,863157.8947368421,4518804.215839511,False,False,309130.3913945205,574099.2983041096,full_demo,False
C06,15,910526.3157894737,4662133.065275063,False,False,309130.3913945205,574099.2983041096,full_demo,False
C06,16,957894.7368421053,4798058.590045755,False,False,309130.3913945205,574099.2983041096,full_demo,False
C06,17,1005263.1578947369,4926963.191993987,False,False,309130.3913945205,574099.2983041096,full_demo,False
C06,18,1052631.5789473685,5049209.520867569,False,False,309130.3913945205,574099.2983041096,full_demo,False
C06,19,1100000.0,5165141.494569097,False,False,309130.3913945205,574099.2983041096,full_demo,False
C07,0,150000.0,1994951.4928901743,False,False,204980.82060821916,380678.6668438356,full_demo,False
C07,1,173684.2105263158,2243121.9802924464,False,False,204980.82060821916,380678.6668438356,full_demo,False
C07,2,197368.42105263157,2476081.481187947,False,False,204980.82060821916,380678.6668438356,full_demo,False
C07,3,221052.63157894736,2694762.3147776057,True,True,204980.82060821916,380678.6668438356,full_demo,False
C07,4,244736.84210526315,2900039.6560993483,True,True,204980.82060821916,380678.6668438356,full_demo,False
C07,5,268421.05263157893,3092735.0385359894,True,True,204980.82060821916,380678.6668438356,full_demo,False
C07,6,292105.2631578947,3273619.6416457165,True,True,204980.82060821916,380678.6668438356,full_demo,False
C07,7,315789.47368421056,3443417.377473257,True,True,204980.82060821916,380678.6668438356,full_demo,False
C07,8,339473.6842105263,3602807.787693356,True,True,204980.82060821916,380678.6668438356,full_demo,False
C07,9,363157.89473684214,3752428.7631811267,True,True,204980.82060821916,380678.6668438356,full_demo,False
C07,10,386842.10526315786,3892879.0968931676,True,False,204980.82060821916,380678.6668438356,full_demo,False
C07,11,410526.3157894737,4024720.880276248,True,False,204980.82060821916,380678.6668438356,full_demo,False
C07,12,434210.5263157895,4148481.7527941368,True,False,204980.82060821916,380678.6668438356,full_demo,False
C07,13,457894.7368421053,4264657.013575347,False,False,204980.82060821916,380678.6668438356,full_demo,False
C07,14,481578.94736842107,4373711.60363273,False,False,204980.82060821916,380678.6668438356,full_demo,False
C07,15,505263.15789473685,4476081.966587897,False,False,204980.82060821916,380678.6668438356,full_demo,False
C07,16,528947.3684210526,4572177.795347223,False,False,204980.82060821916,380678.6668438356,full_demo,False
C07,17,552631.5789473684,4662383.671719721,False,False,204980.82060821916,380678.6668438356,full_demo,False
C07,18,576315.7894736843,4747060.605538671,False,False,204980.82060821916,380678.6668438356,full_demo,False
C07,19,600000.0,4826547.47944664,False,False,204980.82060821916,380678.6668438356,full_demo,False
C08,0,150000.0,1156975.509701135,False,False,274861.7562465753,510457.5473150685,full_demo,False
C08,1,189473.68421052632,1404964.1509200772,False,False,274861.7562465753,510457.5473150685,full_demo,False
C08,2,228947.36842105264,1633006.2367075593,False,False,274861.7562465753,510457.5473150685,full_demo,False
C08,3,268421.05263157893,1842706.13519764,True,False,274861.7562465753,510457.5473150685,full_demo,False
C08,4,307894.7368421053,2035539.169832004,True,True,274861.7562465753,510457.5473150685,full_demo,False
C08,5,347368.4210526316,2212861.9988559624,True,True,274861.7562465753,510457.5473150685,full_demo,False
C08,6,386842.10526315786,2375922.1599568883,True,True,274861.7562465753,510457.5473150685,full_demo,False
C08,7,426315.7894736842,2525866.8471954814,True,True,274861.7562465753,510457.5473150685,full_demo,False
C08,8,465789.4736842105,2663750.9819791056,True,True,274861.7562465753,510457.5473150685,full_demo,False
C08,9,505263.1578947368,2790544.6348597603,True,True,274861.7562465753,510457.5473150685,full_demo,False
C08,10,544736.8421052631,2907139.8503720346,True,False,274861.7562465753,510457.5473150685,full_demo,False
C08,11,584210.5263157894,3014356.9229265214,True,False,274861.7562465753,510457.5473150685,full_demo,False
C08,12,623684.2105263157,3112950.1679121526,True,False,274861.7562465753,510457.5473150685,full_demo,False
C08,13,663157.894736842,3203613.228609475,True,False,274861.7562465753,510457.5473150685,full_demo,False
C08,14,702631.5789473684,3286983.956251154,False,False,274861.7562465753,510457.5473150685,full_demo,False
C08,15,742105.2631578947,3363648.897562895,False,False,274861.7562465753,510457.5473150685,full_demo,False
C08,16,781578.947368421,3434147.421356447,False,False,274861.7562465753,510457.5473150685,full_demo,False
C08,17,821052.6315789473,3498975.5132069383,False,False,274861.7562465753,510457.5473150685,full_demo,False
C08,18,860526.3157894736,3558589.264911624,False,False,274861.7562465753,510457.5473150685,full_demo,False
C08,19,900000.0,3613408.083279807,False,False,274861.7562465753,510457.5473150685,full_demo,False
C09,0,300000.0,2362192.808967395,False,False,485338.06418904103,901342.1192082192,full_demo,False
C09,1,378947.36842105264,2911986.6525216424,False,False,485338.06418904103,901342.1192082192,full_demo,False
C09,2,457894.7368421053,3434668.391029128,False,False,485338.06418904103,901342.1192082192,full_demo,False
C09,3,536842.1052631579,3931575.00970474,True,True,485338.06418904103,901342.1192082192,full_demo,False
C09,4,615789.4736842106,4403977.562716629,True,True,485338.06418904103,901342.1192082192,full_demo,False
C09,5,694736.8421052631,4853084.4244584665,True,True,485338.06418904103,901342.1192082192,full_demo,False
C09,6,773684.2105263157,5280044.380490973,True,True,485338.06418904103,901342.1192082192,full_demo,False
C09,7,852631.5789473684,5685949.566059194,True,True,485338.06418904103,901342.1192082192,full_demo,False
C09,8,931578.947368421,6071838.259701991,True,False,485338.06418904103,901342.1192082192,full_demo,False
C09,9,1010526.3157894736,6438697.53909969,True,False,485338.06418904103,901342.1192082192,full_demo,False
C09,10,1089473.6842105263,6787465.805953285,True,False,485338.06418904103,901342.1192082192,full_demo,False
C09,11,1168421.0526315789,7119035.186353768,False,False,485338.06418904103,901342.1192082192,full_demo,False
C09,12,1247368.4210526315,7434253.812781467,False,False,485338.06418904103,901342.1192082192,full_demo,False
C09,13,1326315.789473684,7733927.993572681,False,False,485338.06418904103,901342.1192082192,full_demo,False
C09,14,1405263.1578947369,8018824.275402915,False,False,485338.06418904103,901342.1192082192,full_demo,False
C09,15,1484210.5263157894,8289671.404062429,False,False,485338.06418904103,901342.1192082192,full_demo,False
C09,16,1563157.894736842,8547162.188539626,False,False,485338.06418904103,901342.1192082192,full_demo,False
C09,17,1642105.2631578946,8791955.273180485,False,False,485338.06418904103,901342.1192082192,full_demo,False
C09,18,1721052.6315789472,9024676.822457107,False,False,485338.06418904103,901342.1192082192,full_demo,False
C09,19,1800000.0,9245922.12265491,False,False,485338.06418904103,901342.1192082192,full_demo,False
C10,0,200000.0,2121086.587508216,False,False,343066.9629972602,637124.3598520547,full_demo,False
C10,1,257894.73684210525,2639676.374050838,False,False,343066.9629972602,637124.3598520547,full_demo,False
C10,2,315789.4736842105,3120947.038004412,True,False,343066.9629972602,637124.3598520547,full_demo,False
C10,3,373684.2105263158,3567584.164289734,True,True,343066.9629972602,637124.3598520547,full_demo,False
C10,4,431578.947368421,3982080.0758785866,True,True,343066.9629972602,637124.3598520547,full_demo,False
C10,5,489473.6842105263,4366747.741445917,True,True,343066.9629972602,637124.3598520547,full_demo,False
C10,6,547368.4210526316,4723733.682189749,True,True,343066.9629972602,637124.3598520547,full_demo,False
C10,7,605263.1578947369,5055029.949841472,True,True,343066.9629972602,637124.3598520547,full_demo,False
C10,8,663157.894736842,5362485.242706139,True,False,343066.9629972602,637124.3598520547,full_demo,False
C10,9,721052.6315789474,5647815.221762441,True,False,343066.9629972602,637124.3598520547,full_demo,False
C10,10,778947.3684210526,5912612.084388274,True,False,343066.9629972602,637124.3598520547,full_demo,False
C10,11,836842.1052631579,6158353.449135117,False,False,343066.9629972602,637124.3598520547,full_demo,False
C10,12,894736.8421052631,6386410.601130051,False,False,343066.9629972602,637124.3598520547,full_demo,False
C10,13,952631.5789473684,6598056.144116351,False,False,343066.9629972602,637124.3598520547,full_demo,False
C10,14,1010526.3157894736,6794471.10183257,False,False,343066.9629972602,637124.3598520547,full_demo,False
C10,15,1068421.0526315789,6976751.508357177,False,False,343066.9629972602,637124.3598520547,full_demo,False
C10,16,1126315.789473684,7145914.524194192,False,False,343066.9629972602,637124.3598520547,full_demo,False
C10,17,1184210.5263157894,7302904.112228778,False,False,343066.9629972602,637124.3598520547,full_demo,False
C10,18,1242105.2631578948,7448596.305225708,False,False,343066.9629972602,637124.3598520547,full_demo,False
C10,19,1300000.0,7583804.094264417,False,False,343066.9629972602,637124.3598520547,full_demo,False
C11,0,250000.0,2038191.726920695,False,False,415687.30130410957,771990.7024219178,full_demo,False
C11,1,315789.4736842105,2492868.637306374,False,False,415687.30130410957,771990.7024219178,full_demo,False
C11,2,381578.947368421,2917751.0064611696,True,False,415687.30130410957,771990.7024219178,full_demo,False
C11,3,447368.4210526316,3314791.242054973,True,True,415687.30130410957,771990.7024219178,full_demo,False
C11,4,513157.8947368421,3685813.8123583067,True,True,415687.30130410957,771990.7024219178,full_demo,False
C11,5,578947.3684210526,4032523.629988289,True,True,415687.30130410957,771990.7024219178,full_demo,False
C11,6,644736.8421052631,4356513.886275766,True,True,415687.30130410957,771990.7024219178,full_demo,False
C11,7,710526.3157894737,4659273.372253898,True,True,415687.30130410957,771990.7024219178,full_demo,False
C11,8,776315.7894736842,4942193.319909387,True,False,415687.30130410957,771990.7024219178,full_demo,False
C11,9,842105.2631578947,5206573.795133102,True,False,415687.30130410957,771990.7024219178,full_demo,False
C11,10,907894.7368421052,5453629.671746755,False,False,415687.30130410957,771990.7024219178,full_demo,False
C11,11,973684.2105263157,5684496.2140573915,False,False,415687.30130410957,771990.7024219178,full_demo,False
C11,12,1039473.6842105263,5900234.2935924055,False,False,415687.30130410957,771990.7024219178,full_demo,False
C11,13,1105263.1578947366,6101835.26398694,False,False,415687.30130410957,771990.7024219178,full_demo,False
C11,14,1171052.6315789474,6290225.516424605,False,False,415687.30130410957,771990.7024219178,full_demo,False
C11,15,1236842.1052631577,6466270.736564525,False,False,415687.30130410957,771990.7024219178,full_demo,False
C11,16,1302631.5789473683,6630779.882516051,False,False,415687.30130410957,771990.7024219178,full_demo,False
C11,17,1368421.0526315789,6784508.902140616,False,False,415687.30130410957,771990.7024219178,full_demo,False
C11,18,1434210.5263157894,6928164.206762363,False,False,415687.30130410957,771990.7024219178,full_demo,False
C11,19,1500000.0,7062405.917249855,False,False,415687.30130410957,771990.7024219178,full_demo,False
C12,0,100000.0,279163.818313504,False,False,206308.46109041094,383144.2848821918,full_demo,False
C12,1,121052.63157894737,333281.0441825932,False,False,206308.46109041094,383144.2848821918,full_demo,False
C12,2,142105.26315789475,385880.67557660595,False,False,206308.46109041094,383144.2848821918,full_demo,False
C12,3,163157.8947368421,437005.26997985144,False,False,206308.46109041094,383144.2848821918,full_demo,False
C12,4,184210.5263157895,486696.1914488161,False,False,206308.46109041094,383144.2848821918,full_demo,False
C12,5,205263.15789473685,534993.6440791305,False,False,206308.46109041094,383144.2848821918,full_demo,False
C12,6,226315.7894736842,581936.7045340344,True,True,206308.46109041094,383144.2848821918,full_demo,False
C12,7,247368.4210526316,627563.3536606511,True,True,206308.46109041094,383144.2848821918,full_demo,False
C12,8,268421.052631579,671910.5072196586,True,True,206308.46109041094,383144.2848821918,full_demo,False
C12,9,289473.6842105263,715014.0457532152,True,True,206308.46109041094,383144.2848821918,full_demo,False
C12,10,310526.3157894737,756908.8436153079,True,True,206308.46109041094,383144.2848821918,full_demo,False
C12,11,331578.94736842107,797628.7971880101,True,True,206308.46109041094,383144.2848821918,full_demo,False
C12,12,352631.5789473684,837206.8523064792,True,True,206308.46109041094,383144.2848821918,full_demo,False
C12,13,373684.2105263158,875675.0309148818,True,True,206308.46109041094,383144.2848821918,full_demo,False
C12,14,394736.8421052632,913064.4569748152,True,False,206308.46109041094,383144.2848821918,full_demo,False
C12,15,415789.47368421056,949405.3816471853,True,False,206308.46109041094,383144.2848821918,full_demo,False
C12,16,436842.1052631579,984727.207767915,True,False,206308.46109041094,383144.2848821918,full_demo,False
C12,17,457894.7368421053,1019058.5136372909,False,False,206308.46109041094,383144.2848821918,full_demo,False
C12,18,478947.36842105264,1052427.076142187,False,False,206308.46109041094,383144.2848821918,full_demo,False
C12,19,500000.0,1084859.8932298813,False,False,206308.46109041094,383144.2848821918,full_demo,False
