campaign_id,successful_refits,requested_refits,slope_spread_ratio_at_reference,min_marginal_roas_pct,max_marginal_roas_pct,is_confidence_interval
C01,4,4,0.3216603187596214,445.85774681799154,618.9389941882888,False
C02,4,4,0.1892356836865713,416.86750365736805,507.4891802024631,False
C03,4,4,0.14459379010521442,532.0590711253104,619.8571206828249,False
C04,4,4,0.13799471389964024,431.694579629446,497.3252122501683,False
C05,4,4,0.24075178239180323,422.21067612061694,548.4805280192003,False
C06,4,4,0.10096882860502032,463.67492046810054,513.0074951800824,False
C07,4,4,0.15119748900266594,665.202078377609,775.8707873116912,False
C08,4,4,0.12216847462970763,358.53705872931664,405.99128386214886,False
C09,4,4,0.10513852122014404,521.3146273745236,578.9757411754969,False
C10,4,4,0.06216688399952189,628.6829958472136,668.2707399186141,False
C11,4,4,0.13261610283878023,451.7291948353881,519.9866275786269,False
C12,4,4,0.07731463779220227,191.34702801633568,206.91640942454126,False
