campaign_id,current_budget,v1_budget,v2_budget,difference_krw
C01,491070.40695890406,626315.7894736842,523684.2105263159,-102631.57894736825
C02,344741.2209041096,294736.842105263,294736.84210526315,1.7462298274040222e-10
C03,636779.9615616439,763157.8947368409,763157.8947368424,1.5133991837501526e-09
C04,540693.3946027397,415789.4736842106,471052.6315789471,55263.157894736505
C05,781135.442328767,989289.3927573193,778947.3684210523,-210342.0243362669
C06,441614.84484931506,342105.26315789483,389473.68421052577,47368.42105263093
C07,292829.7437260274,380678.6668438356,380678.6668438356,0.0
C08,392659.6517808219,274861.7562465753,274861.7562465753,0.0
C09,693340.0916986301,615789.4736842109,773684.2105263163,157894.7368421054
C10,490095.6614246575,637124.3598520547,623782.1736620059,-13342.186190048815
C11,593839.0018630137,447368.4210526316,513157.8947368423,65789.47368421074
C12,294726.3729863014,206308.46109041094,206308.46109041094,0.0
