campaign_id,campaign_name,current_budget,optimized_budget,budget_change,budget_change_pct,expected_revenue,expected_conversions,expected_roas,expected_cpa,marginal_roas_left,marginal_roas_right,is_at_lower_bound,is_at_upper_bound,is_in_observed_support,strategy,conversion_kpis_approximate,is_feasible,effective_lower_krw,effective_upper_krw,at_effective_lower,at_effective_upper
C01,Brand Search Core,491070.40695890406,491070.40695890406,0.0,0.0,4398516.853840048,441.7822673776558,895.6998409004402,1111.5665865762658,,,True,True,True,Current,True,True,491070.40695890406,491070.40695890406,True,True
C02,Brand Search Expansion,344741.2209041096,344741.2209041096,0.0,0.0,2426631.6267023515,204.56044630950035,703.8994699671623,1685.2780052235291,,,False,False,True,Current,True,True,241318.8546328767,448163.5871753425,False,False
C03,Generic Search High Intent,636779.9615616439,636779.9615616439,0.0,0.0,5336277.715717541,194.74786826547373,838.0096796122186,3269.766017123263,,,False,False,True,Current,True,True,445745.9730931507,827813.9500301371,False,False
C04,Generic Search Mid Intent,540693.3946027397,540693.3946027397,0.0,0.0,3530567.11016517,104.48893384275407,652.9702684382082,5174.647445598708,,,False,False,True,Current,True,True,378485.3762219178,702901.4129835616,False,False
C05,Shopping Best Seller,781135.442328767,781135.442328767,0.0,0.0,6912461.783802088,328.93182081482973,884.924868239783,2374.7639872413033,,,False,False,True,Current,True,True,546794.8096301369,1015476.0750273971,False,False
C06,Shopping Long Tail,441614.84484931506,441614.84484931506,0.0,0.0,2844606.3988386113,87.58864548244782,644.1374043504424,5041.918874493975,,,False,False,True,Current,True,True,309130.3913945205,574099.2983041096,False,False
C07,Retargeting,292829.7437260274,292829.7437260274,0.0,0.0,3278813.6150730043,406.4508511153329,1119.6996498213225,720.4554816959533,,,False,False,True,Current,True,True,204980.82060821916,380678.6668438356,False,False
C08,Competitor,392659.6517808219,392659.6517808219,0.0,0.0,2398020.6848484282,44.66644211489044,610.7122730773916,8790.931920899988,,,True,True,True,Current,True,True,392659.6517808219,392659.6517808219,True,True
C09,Prospecting,693340.0916986301,693340.0916986301,0.0,0.0,4845138.748696178,50.0845905546297,698.8112769919246,13843.381447680407,,,True,True,True,Current,True,True,693340.0916986301,693340.0916986301,True,True
C10,Seasonal,490095.6614246575,490095.6614246575,0.0,0.0,4370582.928079779,135.87342104021462,891.7815994075413,3607.0017055035605,,,False,False,True,Current,True,True,343066.9629972602,637124.3598520547,False,False
C11,New Product Launch,593839.0018630137,593839.0018630137,0.0,0.0,4105859.7408463713,90.96697328677439,691.4095786846798,6528.072556519273,,,False,False,True,Current,True,True,415687.30130410957,771990.7024219178,False,False
C12,Low Efficiency Legacy,294726.3729863014,294726.3729863014,0.0,0.0,725466.9116416603,11.586732191708986,246.14930258561537,25436.539665359323,,,True,True,True,Current,True,True,294726.3729863014,294726.3729863014,True,True
C01,Brand Search Core,491070.40695890406,491070.40695890406,0.0,0.0,4398516.853840048,441.7822673776558,895.6998409004402,1111.5665865762658,,,True,True,True,Equal,True,True,491070.40695890406,491070.40695890406,True,True
C02,Brand Search Expansion,344741.2209041096,448163.5871753425,103422.3662712329,30.000000000000004,2870023.7386335176,241.9375608697387,640.3964580707068,1852.393590992007,,,False,True,True,Equal,True,True,241318.8546328767,448163.5871753425,False,True
C03,Generic Search High Intent,636779.9615616439,554459.8228074829,-82320.13875416096,-12.927564264471897,4814288.789998729,175.6978420191815,868.2845162020558,3155.757728355882,,,False,False,True,Equal,True,True,445745.9730931507,827813.9500301371,False,False
C04,Generic Search Mid Intent,540693.3946027397,533536.9218106588,-7156.472792080953,-1.3235731864893565,3496750.142434231,103.48810343966471,655.3904705540051,5155.5386955344065,,,False,False,True,Equal,True,True,378485.3762219178,702901.4129835616,False,False
C05,Shopping Best Seller,781135.442328767,625299.1130958233,-155836.3292329437,-19.94997548291437,6015501.402257866,286.2496591294708,962.0198199986934,2184.4536513945695,,,False,False,True,Equal,True,True,546794.8096301369,1015476.0750273971,False,False
C06,Shopping Long Tail,441614.84484931506,511962.514970976,70347.67012166092,15.929643430728532,3180689.61105101,97.93702736722898,621.2739249535346,5227.466349895417,,,False,False,True,Equal,True,True,309130.3913945205,574099.2983041096,False,False
C07,Retargeting,292829.7437260274,380678.6668438356,87848.92311780824,30.00000000000001,3856329.1353968545,478.0412805587329,1013.0142483079626,796.330112744447,,,False,True,True,Equal,True,True,204980.82060821916,380678.6668438356,False,True
C08,Competitor,392659.6517808219,392659.6517808219,0.0,0.0,2398020.6848484282,44.66644211489044,610.7122730773916,8790.931920899988,,,True,True,True,Equal,True,True,392659.6517808219,392659.6517808219,True,True
C09,Prospecting,693340.0916986301,693340.0916986301,0.0,0.0,4845138.748696178,50.0845905546297,698.8112769919246,13843.381447680407,,,True,True,True,Equal,True,True,693340.0916986301,693340.0916986301,True,True
C10,Seasonal,490095.6614246575,522519.2385334373,32423.577108779806,6.615764974235399,4570510.621127689,142.08880696518375,874.7066680177769,3677.413088994906,,,False,False,True,Equal,True,True,343066.9629972602,637124.3598520547,False,False
C11,New Product Launch,593839.0018630137,545109.4060227172,-48729.595840296475,-8.205859784793553,3854197.932652414,85.39130474760458,707.0503444022008,6383.664093597408,,,False,False,True,Equal,True,True,415687.30130410957,771990.7024219178,False,False
C12,Low Efficiency Legacy,294726.3729863014,294726.3729863014,0.0,0.0,725466.9116416603,11.586732191708986,246.14930258561537,25436.539665359323,,,True,True,True,Equal,True,True,294726.3729863014,294726.3729863014,True,True
C01,Brand Search Core,491070.40695890406,491070.40695890406,0.0,0.0,4398516.853840048,441.7822673776558,895.6998409004402,1111.5665865762658,,,True,True,True,Historical_ROAS,True,True,491070.40695890406,491070.40695890406,True,True
C02,Brand Search Expansion,344741.2209041096,448163.5871753425,103422.3662712329,30.000000000000004,2870023.7386335176,241.9375608697387,640.3964580707068,1852.393590992007,,,False,True,True,Historical_ROAS,True,True,241318.8546328767,448163.5871753425,False,True
C03,Generic Search High Intent,636779.9615616439,601388.4191044659,-35391.542457178,-5.557891986799259,5117181.7216803795,186.75194300495627,850.8946230292281,3220.2525415679634,,,False,False,True,Historical_ROAS,True,True,445745.9730931507,827813.9500301371,False,False
C04,Generic Search Mid Intent,540693.3946027397,473072.5523352364,-67620.84226750332,-12.506319282333006,3195391.6516561303,94.56924524399312,675.454882318296,5002.39323169691,,,False,False,True,Historical_ROAS,True,True,378485.3762219178,702901.4129835616,False,False
C05,Shopping Best Seller,781135.442328767,654616.0826132897,-126519.35971547733,-16.19685305000249,6200770.354243376,295.06574457385636,947.2377045014401,2218.5431370852884,,,False,False,True,Historical_ROAS,True,True,546794.8096301369,1015476.0750273971,False,False
C06,Shopping Long Tail,441614.84484931506,450115.7610372961,8500.916187981027,1.9249616010715522,2886063.965403414,88.86517080485869,641.1826057262363,5065.153838793793,,,False,False,True,Historical_ROAS,True,True,309130.3913945205,574099.2983041096,False,False
C07,Retargeting,292829.7437260274,380678.6668438356,87848.92311780824,30.00000000000001,3856329.1353968545,478.0412805587329,1013.0142483079626,796.330112744447,,,False,True,True,Historical_ROAS,True,True,204980.82060821916,380678.6668438356,False,True
C08,Competitor,392659.6517808219,392659.6517808219,0.0,0.0,2398020.6848484282,44.66644211489044,610.7122730773916,8790.931920899988,,,True,True,True,Historical_ROAS,True,True,392659.6517808219,392659.6517808219,True,True
C09,Prospecting,693340.0916986301,693340.0916986301,0.0,0.0,4845138.748696178,50.0845905546297,698.8112769919246,13843.381447680407,,,True,True,True,Historical_ROAS,True,True,693340.0916986301,693340.0916986301,True,True
C10,Seasonal,490095.6614246575,611431.0596356887,121335.39821103116,24.757492824629722,5087785.155919992,158.16992516286433,832.1110083860422,3865.6594103215934,,,False,False,True,Historical_ROAS,True,True,343066.9629972602,637124.3598520547,False,False
C11,New Product Launch,593839.0018630137,502263.14251511975,-91575.85934789397,-15.420991053231397,3624372.3879820616,80.29942740589668,721.6082728732093,6254.87825680606,,,False,False,True,Historical_ROAS,True,True,415687.30130410957,771990.7024219178,False,False
C12,Low Efficiency Legacy,294726.3729863014,294726.3729863014,0.0,0.0,725466.9116416603,11.586732191708986,246.14930258561537,25436.539665359323,,,True,True,True,Historical_ROAS,True,True,294726.3729863014,294726.3729863014,True,True
C01,Brand Search Core,491070.40695890406,491070.40695890406,0.0,0.0,4398516.853840048,441.7822673776558,895.6998409004402,1111.5665865762658,532.7703334785427,532.7703334785427,True,True,True,Gurobi_Optimized,True,True,491070.40695890406,491070.40695890406,True,True
C02,Brand Search Expansion,344741.2209041096,294736.842105263,-50004.37879884662,-14.504902740585068,2175609.244049827,183.3997352794314,738.1531363740489,1607.0734325553751,547.6141971794675,514.9393083430112,False,False,True,Gurobi_Optimized,True,True,241318.8546328767,448163.5871753425,False,False
C03,Generic Search High Intent,636779.9615616439,763157.8947368427,126377.93317519885,19.84640547816057,6061610.933572984,221.2189601922345,794.2800533647352,3449.785199576361,553.9987892900527,524.0777843121913,False,False,True,Gurobi_Optimized,True,True,445745.9730931507,827813.9500301371,False,False
C04,Generic Search Mid Intent,540693.3946027397,415789.47368421074,-124903.92091852898,-23.100692955625775,2890634.1737163775,85.54979229014695,695.2158139317867,4860.204362320802,566.2655880013955,533.120430899997,False,False,True,Gurobi_Optimized,True,True,378485.3762219178,702901.4129835616,False,False
C05,Shopping Best Seller,781135.442328767,759471.6570480177,-21663.78528074932,-2.7733711859449066,6796069.12253058,323.39323684880554,894.841704685353,2348.4463201779627,541.4664891391902,541.4664891391902,False,False,True,Gurobi_Optimized,True,True,546794.8096301369,1015476.0750273971,False,False
C06,Shopping Long Tail,441614.84484931506,389473.68421052606,-52141.160638789006,-11.806931140772742,2577740.4666210064,79.37154186561915,661.8522819702588,4906.968858812504,542.2546248775087,514.2456995648506,False,False,True,Gurobi_Optimized,True,True,309130.3913945205,574099.2983041096,False,False
C07,Retargeting,292829.7437260274,380678.6668438356,87848.92311780824,30.00000000000001,3856329.1353968545,478.0412805587329,1013.0142483079626,796.330112744447,593.0125201175061,593.0125201175061,False,True,True,Gurobi_Optimized,True,True,204980.82060821916,380678.6668438356,False,True
C08,Competitor,392659.6517808219,392659.6517808219,0.0,0.0,2398020.6848484282,44.66644211489044,610.7122730773916,8790.931920899988,379.85987433776893,379.85987433776893,True,True,True,Gurobi_Optimized,True,True,392659.6517808219,392659.6517808219,True,True
C09,Prospecting,693340.0916986301,693340.0916986301,0.0,0.0,4845138.748696178,50.0845905546297,698.8112769919246,13843.381447680407,568.8686915396607,568.8686915396607,True,True,True,Gurobi_Optimized,True,True,693340.0916986301,693340.0916986301,True,True
C10,Seasonal,490095.6614246575,605263.1578947365,115167.496470079,23.49898306287776,5055029.94984147,157.15162577809065,835.1788612781565,3851.45972813168,572.239007762068,531.0591422207882,False,False,True,Gurobi_Optimized,True,True,343066.9629972602,637124.3598520547,False,False
C11,New Product Launch,593839.0018630137,513157.89473684184,-80681.10712617188,-13.586360423120764,3685813.812358305,81.66068686498939,718.2611531775162,6284.026187353188,563.954306861067,526.998922797574,False,False,True,Gurobi_Optimized,True,True,415687.30130410957,771990.7024219178,False,False
C12,Low Efficiency Legacy,294726.3729863014,294726.3729863014,0.0,0.0,725466.9116416603,11.586732191708986,246.14930258561537,25436.539665359323,199.00028984494,199.00028984494,True,True,True,Gurobi_Optimized,True,True,294726.3729863014,294726.3729863014,True,True
