campaign_id,safety_action,current_budget,original_v2_budget,guarded_v2_budget,guarded_lower,guarded_upper
C01,REVIEW,491070.40695890406,523684.2105263159,491070.40695890406,491070.40695890406,491070.40695890406
C02,ELIGIBLE,344741.2209041096,294736.84210526315,294736.842105263,241318.8546328767,448163.5871753425
C03,ELIGIBLE,636779.9615616439,763157.8947368424,763157.8947368427,445745.9730931507,827813.9500301371
C04,ELIGIBLE,540693.3946027397,471052.6315789471,415789.47368421074,378485.3762219178,702901.4129835616
C05,ELIGIBLE,781135.442328767,778947.3684210523,759471.6570480177,546794.8096301369,1015476.0750273971
C06,ELIGIBLE,441614.84484931506,389473.68421052577,389473.68421052606,309130.3913945205,574099.2983041096
C07,ELIGIBLE,292829.7437260274,380678.6668438356,380678.6668438356,204980.82060821916,380678.6668438356
C08,REVIEW,392659.6517808219,274861.7562465753,392659.6517808219,392659.6517808219,392659.6517808219
C09,HOLD_CURRENT,693340.0916986301,773684.2105263163,693340.0916986301,693340.0916986301,693340.0916986301
C10,ELIGIBLE,490095.6614246575,623782.1736620059,605263.1578947365,343066.9629972602,637124.3598520547
C11,ELIGIBLE,593839.0018630137,513157.8947368423,513157.89473684184,415687.30130410957,771990.7024219178
C12,HOLD_CURRENT,294726.3729863014,206308.4610904109,294726.3729863014,294726.3729863014,294726.3729863014
