lambda,campaign_id,success,alpha_hat,beta_hat,train_loss_data,train_loss_reg,val_rmse,val_mae,bounds_active
0.0,C01,True,8795123.227595342,1.4203660948049365e-06,0.006897764294350501,0.0,286852.9297585902,226527.19314826376,none
0.0,C02,True,8040637.700875919,1.0503754513580899e-06,0.006605550871633397,0.0,128686.78746376002,105701.19751786871,none
0.0,C03,True,25509482.48420636,3.735318867534694e-07,0.012867952200070242,0.0,508257.6096825278,419213.66354037245,none
0.0,C04,True,28049491.569294386,2.506942903042027e-07,0.011897141661146901,0.0,373960.07917242154,285096.6876266141,none
0.0,C05,True,18044010.32854587,6.306755618009851e-07,0.016442831013869827,0.0,725723.9196879664,567947.0059940307,none
0.0,C06,True,29318358.78767123,2.3342539971548397e-07,0.013818586244089564,0.0,357247.87933113176,287856.5114358595,alpha_ub
0.0,C07,True,8154203.918018413,1.7689871294967288e-06,0.00649427553813695,0.0,182630.59025525398,142027.49417770092,none
0.0,C08,True,24878557.75755303,2.656117208619102e-07,0.045724629683119564,0.0,421788.81458486407,337960.7474265416,alpha_ub
0.0,C09,True,49043980.0130137,1.5276166838018946e-07,0.03689054072112909,0.0,1018998.7129296048,853807.9672305803,alpha_ub
0.0,C10,True,42553938.63013698,2.2671752117954625e-07,0.0569628139369517,0.0,926443.126794426,734456.7531223726,alpha_ub
0.0,C11,True,39322821.324999996,1.818721708125667e-07,0.03710141911978107,0.0,809435.7013494638,635459.3852706065,alpha_ub
0.0,C12,True,7200213.79828767,3.599463402357327e-07,0.015666647956497366,0.0,75762.67757098886,62094.56767623887,alpha_ub
0.001,C01,True,9388322.37484931,1.2891592026004385e-06,0.00691089581002147,0.002090042952416017,286602.4779686361,225332.51587382026,none
0.001,C02,True,5383204.019276763,1.7553678667856538e-06,0.00675420216651906,0.0021074760254136044,129588.53675344201,105784.90530444965,none
0.001,C03,True,12273562.187473683,9.158968634537814e-07,0.013235480660537303,0.002134935848266234,547763.5423316988,457378.72394351114,none
0.001,C04,True,8196661.631461622,1.0615400977545266e-06,0.012492316393909644,0.002156692336562525,415667.7445855418,338428.3275779476,none
0.001,C05,True,15408679.90339174,7.778700455492928e-07,0.016477713504719504,0.002096112674342349,729623.0477702564,569417.2517137894,none
0.001,C06,True,6967652.617231865,1.2131090084297116e-06,0.015576147347381962,0.0023137916412832396,392269.15217298805,330723.4568673097,none
0.001,C07,True,7151620.975277796,2.106891796251643e-06,0.006523095957051395,0.002095679933110453,179012.6959571283,139073.09155814536,none
0.001,C08,True,6358588.175853004,1.2584990947861207e-06,0.04864202653631618,0.0026766930244523407,426080.01234751416,346070.19200177176,none
0.001,C09,True,12948348.978223879,6.937248468662863e-07,0.04056938818508272,0.002889553022453944,994304.3090958188,832401.2507310307,none
0.001,C10,True,14000788.567184987,7.873673017699922e-07,0.06475349156148301,0.005260989131323307,932910.2529724616,736469.8044897206,none
0.001,C11,True,9837168.95277017,8.855045866401385e-07,0.039637966995840365,0.0025547913092814232,828789.6810103899,653104.8924522417,none
0.001,C12,True,1744116.9141219507,1.8213345591106004e-06,0.017994023061746217,0.0023901370446343085,75764.83492449878,61113.317912659724,none
0.01,C01,True,9309012.317444585,1.2659066853093051e-06,0.007465081938536069,0.01988175297032396,273839.38027460687,214507.00260287998,none
0.01,C02,True,5192070.297643254,1.7916211802090377e-06,0.007330807309553921,0.019941478993250376,104407.0640940906,86695.43100688176,none
0.01,C03,True,11654783.920156844,9.551395518969653e-07,0.013854820642111123,0.01999728772147968,492309.88544643275,406784.1188472933,none
0.01,C04,True,7709292.721951399,1.121625801468927e-06,0.01314782133654071,0.020028039234056993,366676.30657394195,287765.28871664713,none
0.01,C05,True,15051017.700726792,7.800774355365028e-07,0.017035973939920082,0.019923499395889336,664431.7082805155,518565.75451533793,none
0.01,C06,True,6257245.914920986,1.364225191266919e-06,0.016521992639492857,0.020131265232912254,357258.58614605415,296221.5365882154,none
0.01,C07,True,6990282.7150106365,2.1108901103892526e-06,0.007080975819980583,0.019921845152175613,161603.19283449763,129739.15006550483,none
0.01,C08,True,5384931.146666704,1.529296959963854e-06,0.050289496186251434,0.020449899127525886,416885.0936666426,335241.2009550665,none
0.01,C09,True,10675570.332631469,8.725215037136824e-07,0.042650152003467,0.020562001522667614,983285.3523251922,822823.214860121,none
0.01,C10,True,9870886.890562113,1.2024129623885562e-06,0.07219868171010359,0.022628648877808917,973804.6317918928,761320.3514227138,none
0.01,C11,True,8478989.346356656,1.0515198514979066e-06,0.04103764321387384,0.020387200411503947,870735.7188156502,692986.8051194024,none
0.01,C12,True,1539818.4456272416,2.0947121322292427e-06,0.01908839504345467,0.02013737338240613,85213.6596306643,70220.5104848097,none
0.1,C01,True,8241325.36063649,1.141474292779699e-06,0.04642143592804972,0.12241245940207507,808436.954108924,768021.9480313063,none
0.1,C02,True,4582660.339539897,1.622408261775269e-06,0.046380647317542545,0.12282199191061674,394707.69918076106,382602.81529904495,none
0.1,C03,True,10267971.731113179,8.671252953510263e-07,0.05299689851807739,0.12318319404910075,785650.9430323496,676804.6434552751,none
0.1,C04,True,6784703.69327101,1.019865893888894e-06,0.05233161307431887,0.12339813403648969,414898.8846518359,364890.73570787086,none
0.1,C05,True,13303156.373481112,7.050211658981255e-07,0.05605530549959031,0.12270873764069144,1074013.4382824907,958729.5447560314,none
0.1,C06,True,5475446.715931646,1.2503999599911735e-06,0.05587274665623644,0.12397134345411827,345440.8685795202,285598.57642956893,none
0.1,C07,True,6178714.0750704,1.907553895537356e-06,0.046105493270441514,0.12267931257994438,572908.2464010105,552483.2143176349,none
0.1,C08,True,4668544.435234689,1.4195898089399127e-06,0.09019379395473158,0.12565693550370088,536246.5430781683,428042.47686237766,none
0.1,C09,True,9216765.69493202,8.147193043449817e-07,0.08273200204306932,0.12616266132605333,1309337.3270497983,1060796.4398125082,none
0.1,C10,True,8171564.322479879,1.189609670698361e-06,0.11588216982850115,0.1342248923976812,1494539.2064415375,1244513.7222461444,none
0.1,C11,True,7372184.176550441,9.72287819850869e-07,0.08082289083217119,0.12542178707808876,1369599.0990325892,1183876.2834514221,none
0.1,C12,True,1344870.0086780328,1.9253366651402593e-06,0.058432679278137285,0.12398164957070971,194980.8616711174,184187.89704029105,none
